Link,Title, Price  
https://www.amazon.com//2021-Dell-Inspiron-Laptop-i5-1035G1/dp/B09MC3WH8R/ref=sr_1_194?keywords=laptop&qid=1653585595&sr=8-194,"2021 Dell Inspiron 15 Laptop: Core i5-1035G1, 8GB RAM, 256GB SSD, 15.6"" Full HD Display, Windows 11",$555.00 
https://www.amazon.com//2021-MSI-HD-Gaming-i5-10200H-PCI/dp/B096WH5MY9/ref=sr_1_146?keywords=laptop&qid=1653585587&sr=8-146,"2021 MSI - GF63035 | 15.6"" Full HD Gaming Laptop |  Intel Core i5-10200H | 8GB DDR4/3200MHz, 256GB SSD (PCI-e) | Black, Windows 10 Home",None
https://www.amazon.com//2022-ASUS-Vivobook-15-6-Laptop/dp/B09Y125HJ9/ref=sr_1_278?keywords=laptop&qid=1653585611&sr=8-278,"2022 ASUS Vivobook 15.6"" FHD Laptop - Intel 10th Gen Quad-Core i7-1065G7 - Iris Plus Graphics - 36GB DDR4 RAM - 1TB M.2 NVMe SSD - HDMI USB-C WiFi AC - Windows 11 Pro - Slate Grey","$1,099.00 "
https://www.amazon.com//2022-HP-Performance-Business-Laptop/dp/B09SGVQQJ1/ref=sr_1_205?keywords=laptop&qid=1653585595&sr=8-205,"2022 HP High Performance Business Laptop - 15.6"" FHD IPS 250nit LCD - Intel i5-1135G7 Quad-Core w/ Iris Xe Graphics - 16GB DDR4 - 512GB NVMe SSD - RJ45 LAN -Backlit Keyboard -Win 11 Pro w/32GB USB",None
https://www.amazon.com//2022-LENOVO-ThinkPad-Yoga-Laptop/dp/B09WKYT1N2/ref=sr_1_182?keywords=laptop&qid=1653585592&sr=8-182,2022 LENOVO ThinkPad X1 Yoga Gen 5 2-in-1 Laptop - 14 inch FHD IPS 400nits HDR Touchscreen - 10th Intel Core i5-10510U - 16GB RAM - 1TB NVMe SSD - Fingerprint Backlit Keyboard - WiFi 6 -Win 11 Pro,None
https://www.amazon.com//Acer-3-60GHz-i5-1035G-DVD-Writer-A317-52/dp/B09432ZFQ6/ref=sr_1_255?keywords=laptop&qid=1653585606&sr=8-255,"Acer Aspire 3 Laptop, 17.3'' HD+ 1600 x 900, 3.60GHz Intel Core i5-1035G, 20GB DDR4 RAM, 128GB SSD + 1TB HDD, DVD-Writer, Windows 10, A317-52",$479.00 
https://www.amazon.com//Acer-A515-46-R3UB-Display-Quad-Core-Processor/dp/B09HVC79PC/ref=sr_1_1?keywords=laptop&qid=1653585547&sr=8-1,"Acer Aspire 5 A515-46-R3UB | 15.6"" Full HD IPS Display | AMD Ryzen 3 3350U Quad-Core Mobile Processor | 4GB DDR4 | 128GB NVMe SSD | WiFi 6 | Backlit KB | FPR | Amazon Alexa | Windows 11 Home in S mode",None
https://www.amazon.com//Acer-A515-55-35SE-i3-1005G1-Processor-Fingerprint/dp/B08HN1WDWZ/ref=sr_1_302?keywords=laptop&qid=1653585614&sr=8-302,"Acer Aspire 5 A515-55-35SE, 15.6"" Full HD Display, 10th Gen Intel Core i3-1005G1 Processor, 4GB DDR4, 128GB NVMe SSD, Intel WiFi 6 AX201, Backlit KB, Fingerprint Reader, Windows 10 Home (S Mode)",$369.00 
https://www.amazon.com//Acer-A515-56-53S3-i5-1135G7-Graphics-Fingerprint/dp/B09J5HXWG3/ref=sr_1_301?keywords=laptop&qid=1653585614&sr=8-301,"Acer Aspire 5 A515-56-53S3 Laptop | 15.6"" Full HD IPS Display | 11th Gen Intel Core i5-1135G7 | Intel Iris Xe Graphics | 8GB DDR4 | 256GB SSD | WiFi 6 | Fingerprint Reader | BL Keyboard | Windows 11",$602.62 
https://www.amazon.com//Acer-A515-56-702V-i7-1165G7-Graphics-Fingerprint/dp/B09J5FQ4P5/ref=sr_1_122?keywords=laptop&qid=1653585581&sr=8-122,"Acer Aspire 5 A515-56-702V Laptop | 15.6"" Full HD IPS Display | 11th Gen Intel Core i7-1165G7 | Intel Iris Xe Graphics | 16GB DDR4 | 512GB SSD | WiFi 6 | Fingerprint Reader | BL Keyboard | Windows 11",None
https://www.amazon.com//Acer-A517-52-75N6-i7-1165G7-Graphics-Fingerprint/dp/B09JHGHF7Y/ref=sr_1_15?keywords=laptop&qid=1653585547&sr=8-15,"Acer Aspire 5 A517-52-75N6 Laptop | 17.3"" Full HD IPS Display | 11th Gen Intel Core i7-1165G7 | Intel Iris Xe Graphics | 16GB DDR4 | 512GB SSD | WiFi 6 | Fingerprint Reader | BL Keyboard | Windows 11",None
https://www.amazon.com//Acer-AN515-58-725A-i7-12700H-GeForce-Keyboard/dp/B09TWYSVPM/ref=sr_1_84?keywords=laptop&qid=1653585574&sr=8-84,"Acer Nitro 5 AN515-58-725A Gaming Laptop | Intel Core i7-12700H | NVIDIA GeForce RTX 3060 Laptop GPU | 15.6"" FHD 144Hz 3ms IPS Display | 16GB DDR4 | 512GB Gen 4 SSD | Killer Wi-Fi 6 | RGB Keyboard","$1,449.99 "
https://www.amazon.com//Acer-AN517-41-R3NX-Octa-Core-GeForce-Keyboard/dp/B093J9ZNJK/ref=sr_1_179?keywords=laptop&qid=1653585592&sr=8-179,"Acer Nitro 5 AN517-41-R3NX Gaming Laptop, AMD Ryzen 7 5800H Octa-Core CPU | NVIDIA GeForce RTX 3080 Laptop GPU | 17.3"" FHD 360Hz IPS 3ms Display | 16GB DDR4 | 1TB NVMe SSD | WiFi 6 | RGB Keyboard","$1,999.99 "
https://www.amazon.com//Acer-AN517-54-79L1-i7-11800H-GeForce-Display/dp/B09HJKGK5V/ref=sr_1_13?keywords=laptop&qid=1653585547&sr=8-13,"Acer Nitro 5 AN517-54-79L1 Gaming Laptop | Intel Core i7-11800H | NVIDIA GeForce RTX 3050Ti Laptop GPU | 17.3"" FHD 144Hz IPS Display | 16GB DDR4 | 1TB NVMe SSD | Killer Wi-Fi 6 | Backlit KB | Win 11","$1,099.99 "
https://www.amazon.com//Acer-i5-1035G1-Quad-Core-Processor-Ethernet/dp/B08K3NGK2Z/ref=sr_1_249?keywords=laptop&qid=1653585606&sr=8-249,"2020 Acer Aspire 3 15.6"" Full HD 1080P Laptop PC, Intel Core i5-1035G1 Quad-Core Processor, 8GB DDR4 RAM, 256GB SSD, Ethernet, HDMI, Wi-Fi, Webcam, Numeric Keypad, Windows 10 Home, Steel Gray",$417.00 
https://www.amazon.com//Acer-i7-1165G7-Graphics-Antimicrobial-SF514-55TA-74EC/dp/B08JQKMFFB/ref=sr_1_63?keywords=laptop&qid=1653585567&sr=8-63,"Acer Swift 5 Intel Evo Thin & Light Laptop, 14"" Full HD Touch, Intel Core i7-1165G7, Intel Iris Xe Graphics, 16GB LPDDR4X, 1TB NVMe SSD, Wi-Fi 6, Fingerprint Reader, Back-lit KB, SF514-55TA-74EC","$1,092.99 "
https://www.amazon.com//Acer-i7-1165G7-Graphics-Fingerprint-SF313-53-78UG/dp/B08P5724PZ/ref=sr_1_88?keywords=laptop&qid=1653585574&sr=8-88,"Acer Swift 3 Intel Evo Thin & Light Laptop, 13.5"" 2256 x 1504 IPS, Intel Core i7-1165G7, Intel Iris Xe Graphics, 8GB LPDDR4X, 512GB NVMe SSD, Wi-Fi 6, Fingerprint Reader, Back-lit KB, SF313-53-78UG",$613.99 
https://www.amazon.com//Acer-NX-HQUAA-009-Spin-SP513-54N-58XD-Notebook/dp/B08FCN53WM/ref=sr_1_202?keywords=laptop&qid=1653585595&sr=8-202,"Acer Spin 5 Convertible Laptop, 13.5"" 2256 x 1504 IPS Touch | 10th Gen Intel Core i5-1035G4 | 8GB LPDDR4 | 256GB NVMe SSD | WiFi 6 | Backlit KB | FPR | Active Stylus | Windows 10 Pro | SP513-54N-58XD",$615.05 
https://www.amazon.com//Acer-Predator-i7-10750H-Dual-Channel-PH315-53-72XD/dp/B08842D7JS/ref=sr_1_64?keywords=laptop&qid=1653585567&sr=8-64,"Acer Predator Helios 300 Gaming Laptop, Intel i7-10750H, NVIDIA GeForce RTX 2060 6GB, 15.6"" Full HD 144Hz 3ms IPS Display, 16GB Dual-Channel DDR4, 512GB NVMe SSD, Wi-Fi 6, RGB Keyboard, PH315-53-72XD","$1,199.00 "
https://www.amazon.com//Acer-Predator-PT515-52-77P9-i7-10750H-Dual-Channel/dp/B086W3757D/ref=sr_1_263?keywords=laptop&qid=1653585608&sr=8-263,"Acer Predator Triton 500 PT515-52-77P9 Gaming Laptop, Intel Core i7-10750H, NVIDIA GeForce RTX 2080 Super, 15.6"" FHD NVIDIA G-SYNC Display, 300Hz, 32GB Dual-Channel DDR4, 1TB NVMe SSD, RGB Backlit KB","$1,994.98 "
https://www.amazon.com//Acer-SFX14-41G-R1S6-Creator-LPDDR4X-Backlit/dp/B093TK1PXF/ref=sr_1_43?keywords=laptop&qid=1653585564&sr=8-43,"Acer Swift X SFX14-41G-R1S6 Creator Laptop | 14"" Full HD 100% sRGB | AMD Ryzen 7 5800U | NVIDIA RTX 3050Ti Laptop GPU | 16GB LPDDR4X | 512GB SSD | Wi-Fi 6 | Backlit KB | Amazon Alexa | Windows 10 Home","$1,051.57 "
https://www.amazon.com//Alienware-3070-Gaming-Laptop-Full/dp/B08XDX7CW8/ref=sr_1_55?keywords=laptop&qid=1653585567&sr=8-55,"Alienware m15 R4 RTX 3070 Gaming Laptop Full HD (FHD), 15.6 inch - Intel Core i7-10870H, 16GB DDR4 RAM, 1TB SSD, NVIDIA GeForce RTX 3070 8GB GDDR6, Windows 10 Home - Lunar Light","$1,787.98 "
https://www.amazon.com//Alienware-Display-i7-10700K-GeForce-AWARR2-7323WHT-PUS/dp/B08DWGVNZH/ref=sr_1_272?keywords=laptop&qid=1653585608&sr=8-272,"Alienware Area 51M Gaming Laptop, 17.3"" 300hz 3ms FHD Display, Intel Core i7-10700K, Nvidia GeForce RTX 2070 Super 8GB GDDR6, 1TB SSD, 16GB RAM, Lunar Light (AWARR2-7323WHT-PUS)","$2,229.99 "
https://www.amazon.com//Alienware-X15-Ready-Gaming-Laptop/dp/B09DFJD6CH/ref=sr_1_294?keywords=laptop&qid=1653585614&sr=8-294,"Alienware X15 R1 VR Ready Gaming Laptop - 15.6 inch 360Hz FHD 1080p Display, NVIDIA GeForce RTX 3070, Intel Core i7-11800H (11th Gen), 16GB DDR4 RAM, 1TB SSD, Wi-Fi 6, Windows 11 Home - Lunar Light","$2,099.99 "
https://www.amazon.com//Apple-2-7GHz-ME086LL-Desktop-Refurbished/dp/B00M4LWXI0/ref=sr_1_210?keywords=laptop&qid=1653585597&sr=8-210,"Apple iMac 21.5in 2.7GHz Core i5 (ME086LL/A) All In One Desktop, 8GB Memory, 1TB Hard Drive, Mac OS X Mountain Lion (Renewed)",$244.99 
https://www.amazon.com//ASUS-Display-GeForce-Keyboard-G533ZX-XS96/dp/B09RN27LHT/ref=sr_1_8?keywords=laptop&qid=1653585547&sr=8-8,"ASUS ROG Strix Scar 15 (2022) Gaming Laptop, 15.6” 240Hz IPS QHD Display, NVIDIA GeForce RTX 3080 Ti, Intel Core i9 12900H, 32GB DDR5, 1TB SSD, Per-Key RGB Keyboard, Windows 11 Pro, G533ZX-XS96","$3,299.99 "
https://www.amazon.com//ASUS-Display-i9-12900H-Keyboard-G733ZW-DS94/dp/B09TPV4R9P/ref=sr_1_39?keywords=laptop&qid=1653585564&sr=8-39,"ASUS ROG Strix Scar 17 (2022) Gaming Laptop, 17.3” 360Hz IPS FHD Display, NVIDIA GeForce RTX 3070 Ti, Intel Core i9-12900H, 16GB DDR5, 1TB SSD, Per-Key RGB Keyboard, Windows 11, G733ZW-DS94","$2,299.99 "
https://www.amazon.com//ASUS-Display-R7-5800H-Keyboard-G513QE-ES76/dp/B093TZMNFR/ref=sr_1_129?keywords=laptop&qid=1653585584&sr=8-129,"ASUS ROG Strix G15 (2021) Gaming Laptop, 15.6” 300Hz IPS Type FHD Display, NVIDIA GeForce RTX 3050 Ti, AMD Ryzen R7-5800H, 16GB DDR4, 1TB PCIe SSD, RGB Keyboard, Windows 10, Black, G513QE-ES76","$1,299.00 "
https://www.amazon.com//ASUS-Display-R9-5900HX-Keyboard-G513QR-ES96/dp/B08SJTW9LK/ref=sr_1_61?keywords=laptop&qid=1653585567&sr=8-61,"ASUS ROG Strix G15 (2021) Gaming Laptop, 15.6” 300Hz IPS Type FHD Display, NVIDIA GeForce RTX 3070, AMD Ryzen R9-5900HX, 16GB DDR4, 1TB PCIe NVMe SSD, RGB Keyboard, Windows 10, G513QR-ES96","$2,055.00 "
https://www.amazon.com//ASUS-ExpertBook-i7-1165G7-Cancelling-B1400CEA-XH74/dp/B09LRNP7G5/ref=sr_1_274?keywords=laptop&qid=1653585611&sr=8-274,"ASUS ExpertBook B1 Business Laptop, 14” FHD, Intel Core i7-1165G7, 512GB SSD, 16GB RAM, Military Grade Durable, AI Noise Cancelling, Webcam Privacy Shield, Win 10 Pro, Star Black, B1400CEA-XH74","$1,129.99 "
https://www.amazon.com//ASUS-ExpertBook-i7-1165G7-Military-B9450CEA-XH75/dp/B08NP1D548/ref=sr_1_268?keywords=laptop&qid=1653585608&sr=8-268,"ASUS ExpertBook B9 Thin & Light Business Laptop, 14” FHD Display, Intel Core i7-1165G7 CPU, 1TB SSD, 16GB LPDDRX-RAM, Windows 10 Pro, Up to 17 Hrs-Battery Life-Sleeve, B9450CEA-XH75","$1,699.99 "
https://www.amazon.com//ASUS-GeForce-Opti-Mechanical-Keyboard-G533QS-XS98Q/dp/B08SJT94PW/ref=sr_1_246?keywords=laptop&qid=1653585606&sr=8-246,"ASUS ROG Strix Scar 15 (2021) Gaming Laptop, 15.6” 165Hz IPS QHD, NVIDIA GeForce RTX 3080, AMD Ryzen 9 5900HX, 32GB DDR4, 1TB SSD, Opti-Mechanical Per-Key RGB Keyboard, Windows 10 Pro, G533QS-XS98Q","$2,840.71 "
https://www.amazon.com//ASUS-GeForce-RTX3050TI-Backlit-Windows/dp/B0B1TFRSP7/ref=sr_1_87?keywords=laptop&qid=1653585574&sr=8-87,"2022 ASUS ROG Strix G15 15.6"" 144Hz FHD IPS Gaming Laptop 8-Core AMD Ryzen 9 5900HX 32GB DDR4 2TB NVMe SSD NVIDIA GeForce RTX3050TI 4GB USB-C WIFI AX HDMI RGB Backlit DTS Audio Windows 11 Pro w/RE USB","$2,099.00 "
https://www.amazon.com//ASUS-i3-1005G1-Processor-Fingerprint-F515JA-AH31/dp/B08H4YTTLP/ref=sr_1_189?keywords=laptop&qid=1653585592&sr=8-189,"ASUS VivoBook 15 F515 Thin and Light Laptop, 15.6” FHD Display, Intel Core i3-1005G1 Processor, 4GB DDR4 RAM, 128GB PCIe SSD, Fingerprint Reader, Windows 10 Home in S Mode, Slate Grey, F515JA-AH31",$369.99 
https://www.amazon.com//ASUS-i7-1165G7-Fingerprint-Transparent-K712EA-DS76/dp/B094K27CSY/ref=sr_1_12?keywords=laptop&qid=1653585547&sr=8-12,"ASUS VivoBook 17 K712EA Thin and Light Laptop, 17.3” FHD Display, Intel Core i7-1165G7, 16GB DDR4 RAM, 1TB PCIe SSD, Windows 10 Home, Fingerprint, Transparent Silver, K712EA-DS76",$979.99 
https://www.amazon.com//ASUS-i7-1165G7-Processor-Fingerprint-F515EA-DB75/dp/B09F2KLRJV/ref=sr_1_185?keywords=laptop&qid=1653585592&sr=8-185,"ASUS VivoBook 15 F515 Thin and Light Laptop, 15.6” FHD Display, Core i7-1165G7 Processor, Iris Xe Graphics, 8GB DDR4 RAM, 512GB SSD, Fingerprint, Windows 10 Home, Slate Grey, F515EA-DB75",$769.99 
https://www.amazon.com//ASUS-i9-11900H-ScreenPad-Celestial-UX582HS-XH99T/dp/B09LYK1WWG/ref=sr_1_4?keywords=laptop&qid=1653585547&sr=8-4,"ASUS ZenBook Pro Duo 15 OLED UX582 Laptop, 15.6” OLED 4K UHD Touch Display, Intel Core i9-11900H, 32GB, 1TB, GeForce RTX 3080 Laptop GPU, ScreenPad Plus, Windows 11 Pro, Celestial Blue, UX582HS-XH99T","$2,999.00 "
https://www.amazon.com//ASUS-IPS-Type-i5-10300H-Keyboard-FX706LI-RS53/dp/B08ZLFLF7L/ref=sr_1_300?keywords=laptop&qid=1653585614&sr=8-300,"ASUS TUF Gaming F17 Gaming Laptop, 17.3” FHD IPS-Type Display, Intel Core i5-10300H, GeForce GTX 1650 Ti, 8GB DDR4, 512GB PCIe SSD, RGB Keyboard, Windows 10, Bonfire Black, FX706LI-RS53",$858.00 
https://www.amazon.com//ASUS-IPS-Type-i7-11800H-Processor-TUF706HEB-DB74/dp/B09F8QGTN7/ref=sr_1_89?keywords=laptop&qid=1653585574&sr=8-89,"ASUS TUF Gaming F17 Gaming Laptop, 17.3” 144Hz Full HD IPS-Type, Intel Core i7-11800H Processor, GeForce RTX 3050 Ti, 16GB DDR4, 512GB PCIe SSD, Gigabit Wi-Fi 6, Windows 10 Home, TUF706HEB-DB74","$1,174.99 "
https://www.amazon.com//ASUS-IPS-Type-R7-3750H-GeForce-FX505DV-PB74/dp/B07SXTDL1S/ref=sr_1_192?keywords=laptop&qid=1653585592&sr=8-192,"ASUS TUF (2019) Gaming Laptop, 15.6” Full HD IPS-Type, AMD Ryzen 7 R7-3750H, GeForce RTX 2060, 16GB DDR4, 512GB PCIe SSD, Gigabit Wi-Fi 5, Windows 10 Home, FX505DV-PB74",$979.00 
https://www.amazon.com//ASUS-Microsoft-15-Month-Subscription-Download/dp/B09Z7NPK6H/ref=sr_1_183?keywords=laptop&qid=1653585592&sr=8-183,"ASUS ROG Strix Scar 15 (2022) Gaming Laptop, 15.6” 300Hz IPS FHD Display, NVIDIA GeForce RTX 3070 Ti,Intel Core i9 12900H, Windows 11, Microsoft 365 Family | 15-Month Subscription | PC Download","$2,174.98 "
https://www.amazon.com//ASUS-Touchscreen-i5-1135G7-Processor-Fingerprint/dp/B09NQGCDWN/ref=sr_1_44?keywords=laptop&qid=1653585564&sr=8-44,"Newest ASUS VivoBook 15 Laptop, 15.6” Full HD Touchscreen, Intel Core i5-1135G7 Processor, 20GB RAM, 512GB SSD, Backlit Keyboard, Fingerprint Reader, HDMI, Wi-Fi, Windows 11 Home, Slate Gray",$769.00 
https://www.amazon.com//Asus-TUF-i5-11260H-Threads-Keyboard/dp/B09JFHRPKH/ref=sr_1_260?keywords=laptop&qid=1653585608&sr=8-260,"Asus TUF 17.3"" 144Hz FHD (1920 x 1080) Gaming Laptop, Intel Tiger Lake Core i5-11260H (6 Cores,12 Threads), NVIDIA GeForce RTX 3050 Ti , Backlit Keyboard,Windows 10, (8GB RAM | 512GB PCIe SSD)",$924.00 
https://www.amazon.com//ASUS-TUF-IPS-Type-i7-9750H-Processor/dp/B08SHN8MDY/ref=sr_1_143?keywords=laptop&qid=1653585584&sr=8-143,"2021 ASUS TUF Gaming Laptop, 15.6” 144Hz FHD IPS Display, 11th Gen Intel Core i7-11800H (up to 4.60Ghz), GeForce RTX 3050, 16GB DDR4 RAM, 1TB PCIe NVMe SSD, Backlit KB, Windows 10","$1,249.99 "
https://www.amazon.com//ASUS-Ultra-Slim-Graphics-NumberPad-UM425QA-EH74/dp/B09LCGRL9V/ref=sr_1_48?keywords=laptop&qid=1653585564&sr=8-48,"ASUS ZenBook 14 Ultra-Slim Laptop 14” FHD Display, AMD Ryzen 7 5800H CPU, Radeon Vega 7 Graphics, 16GB RAM, 1TB PCIe SSD, NumberPad, Windows 11 Pro, Pine Grey, UM425QA-EH74",$999.99 
https://www.amazon.com//ASUS-Ultra-Slim-NanoEdge-NumberPad-UM325UA-DH51/dp/B09LYK33KN/ref=sr_1_296?keywords=laptop&qid=1653585614&sr=8-296,"ASUS ZenBook 13 OLED Ultra-Slim Laptop, 13.3” OLED FHD NanoEdge Bezel Display, AMD Ryzen 5 5500U, 8GB LPDDR4X RAM, 512GB PCIe SSD, NumberPad, Wi-Fi 5, Windows 11 Home, Pine Grey, UM325UA-DH51",$799.99 
https://www.amazon.com//ASUS-Ultra-Slim-Thunderbolt-Noise-Cancellation-UX325EA-DH51/dp/B09LXHXPNV/ref=sr_1_35?keywords=laptop&qid=1653585564&sr=8-35,"ASUS ZenBook 13 Ultra-Slim Laptop, 13.3 OLED NanoEdge, Intel Evo Platform i5-1135G7, 8GB LPDDR4X RAM, 256GB SSD, Thunderbolt 4, Wi-Fi 6, Windows 11 Home, AI Noise-Cancellation, Pine Grey, UX325EA-DH51",$799.99 
https://www.amazon.com//ASUS-Vivobook-15-6-Display-Laptop/dp/B09BCVB3TG/ref=sr_1_136?keywords=laptop&qid=1653585584&sr=8-136,"ASUS Vivobook 15.6"" FHD Display Laptop - Intel i7-1065G7(Beats Ryzen 7 3700U) - Intel HD Graphics 6000 , Webcam, WiFi, Bluetooth, HDMI, Windows 10S,Grey (20GB|512GB SSD, i7-1065G7)",$848.99 
https://www.amazon.com//ASUS-VivoBook-Backlit-Keyboard-Bluetooth/dp/B07Y5PK8SC/ref=sr_1_175?keywords=laptop&qid=1653585589&sr=8-175,"2020 ASUS VivoBook 15 15.6 Inch FHD 1080P Laptop (AMD Ryzen 3 3200U up to 3.5GHz, 16GB DDR4 RAM, 256GB SSD, AMD Radeon Vega 3, Backlit Keyboard, FP Reader, WiFi, Bluetooth, HDMI, Windows 10) (Grey)",$501.00 
https://www.amazon.com//ASUS-VivoBook-Display-Fingerprint-TM420UA-DS71T/dp/B091XRXRNP/ref=sr_1_70?keywords=laptop&qid=1653585570&sr=8-70,"ASUS VivoBook Flip 14 Thin and Light 2-in-1 Laptop, 14” FHD Touch Display, AMD Ryzen 7 5700U, 8GB RAM, 512GB SSD, Stylus, Windows 10 Home, Fingerprint Reader, Bespoke Black, TM420UA-DS71T",$679.99 
https://www.amazon.com//ASUS-VivoBook-Display-GeForce-M3500QC-DS71/dp/B09MMX24B8/ref=sr_1_100?keywords=laptop&qid=1653585578&sr=8-100,"ASUS VivoBook Pro 15 OLED Ultra Slim Laptop, 15.6” FHD OLED Display, AMD Ryzen 7 5800H CPU, NVIDIA GeForce RTX 3050, 16GB RAM, 512GB SSD, Windows 11 Home, Quiet Blue, M3500QC-DS71","$1,099.99 "
https://www.amazon.com//ASUS-VivoBook-Display-i3-1115G4-F515EA-AH34/dp/B09LC9JWW8/ref=sr_1_125?keywords=laptop&qid=1653585581&sr=8-125,"ASUS VivoBook 15 F515 Laptop, 15.6” FHD Display, Intel i3-1115G4 CPU, 8GB DDR4 RAM, 128GB SSD, Windows 11 Home in S Mode, Slate Grey, F515EA-AH34",$400.29 
https://www.amazon.com//ASUS-VivoBook-Display-N4020Processor-R565MA-RB05/dp/B09X9BP45X/ref=sr_1_38?keywords=laptop&qid=1653585564&sr=8-38,"ASUS VivoBook 15 R565MA Thin and Light Laptop, 15.6” HD Display, Intel Celeron N4020Processor, 4GB DDR4 SO-DIMM, 1TB SATA 5400RPM 2.5"" HDD, Windows 10 Home, Slate Grey, R565MA-RB05",$369.99 
https://www.amazon.com//ASUS-VivoBook-i3-1005G1-Fingerprint-F512JA-AS34/dp/B08FQJ7JT2/ref=sr_1_115?keywords=laptop&qid=1653585581&sr=8-115,"ASUS VivoBook 15 Thin and Light Laptop, 15.6Â” FHD Display, Intel i3-1005G1 CPU, 8GB RAM, 128GB SSD, Backlit Keyboard, Fingerprint, Windows 10 Home in S Mode, Slate Gray, F512JA-AS34 (Renewed)",$388.87 
https://www.amazon.com//ASUS-VivoBook-i5-1135G7-Processor-S533EA-DH51-GN/dp/B08KH5HWG9/ref=sr_1_167?keywords=laptop&qid=1653585589&sr=8-167,"ASUS VivoBook S15 S533 Thin and Light Laptop, 15.6” FHD Display, Intel Core i5-1135G7 Processor, 8GB DDR4 RAM, 512GB PCIe SSD, Wi-Fi 6, Windows 10 Home, Gaia Green, S533EA-DH51-GN",$609.98 
https://www.amazon.com//ASUS-VivoBook-i5-1135G7-Processor-S533EA-DH51-RD/dp/B08KGYMZRJ/ref=sr_1_40?keywords=laptop&qid=1653585564&sr=8-40,"ASUS VivoBook S15 S533 Thin and Light Laptop, 15.6” FHD Display, Intel Core i5-1135G7 Processor, 8GB DDR4 RAM, 512GB PCIe SSD, Wi-Fi 6, Windows 10 Home, Resolute Red, S533EA-DH51-RD",$699.99 
https://www.amazon.com//ASUS-VivoBook-i7-1165G7-Fingerprint-K513EQ-PB79/dp/B09F2VJGHJ/ref=sr_1_34?keywords=laptop&qid=1653585564&sr=8-34,"ASUS VivoBook 15 K513 Thin & Light Laptop, 15.6” FHD Display, Intel i7-1165G7 CPU, NVIDIA GeForce MX350, 16GB RAM, 512GB PCIe SSD, Fingerprint Reader, Windows 10 Home, Indie Black, K513EQ-PB79",$949.99 
https://www.amazon.com//ASUS-VivoBook-OLED-Laptop-WQUXGA/dp/B09NMS7S1K/ref=sr_1_94?keywords=laptop&qid=1653585574&sr=8-94,"ASUS VivoBook Pro 16X OLED Slim Laptop, 16” WQUXGA 16:10 Display, AMD Ryzen 9 5900HX CPU, NVIDIA GeForce RTX 3050 Ti, 32GB RAM, 1TB SSD, Windows 11 Pro, 0°Black, M7600QE-XB99","$1,599.99 "
https://www.amazon.com//Asus-X512DA-BTS2020RL-15-6-Full-Laptop/dp/B08G8SJZ2R/ref=sr_1_107?keywords=laptop&qid=1653585578&sr=8-107,"Asus X512DA-BTS2020RL 15.6"" Full HD Laptop – AMD Ryzen 5 - AMD Radeon Vega 8 - 512GB PCIe SSD – 8GB RAM",$529.99 
https://www.amazon.com//Asus-Zenbook-6-Cores-Graphics-Bluetooth/dp/B097QCJZGL/ref=sr_1_41?keywords=laptop&qid=1653585564&sr=8-41,"Asus Zenbook 14 inch FHD Laptop, AMD Ryzen 5 5500U, 6-Cores, up to 4 GHz, 8GB DDR4 RAM, 256GB PCle SSD, NVIDIA GeForce MX450 Graphics, Webcam, WiFi, Bluetooth, HDMI, Media Card Reader",$536.00 
https://www.amazon.com//ASUS-ZenBook-Display-GeForce-UM535QE-XH91T/dp/B09LYJZ8YC/ref=sr_1_72?keywords=laptop&qid=1653585570&sr=8-72,"ASUS ZenBook Pro 15 OLED Laptop 15.6” FHD Touch Display, AMD Ryzen 9 5900HX CPU, NVIDIA GeForce RTX 3050 Ti gpu, 16GB RAM, 1TB PCIe SSD, Windows 11 Pro, Pine Grey, UM535QE-XH91T","$1,449.00 "
https://www.amazon.com//ASUS-ZenBook-OLED-Space-Laptop/dp/B09TD1FTP7/ref=sr_1_67?keywords=laptop&qid=1653585570&sr=8-67,"ASUS ZenBook 14X OLED Space Edition Laptop, 14” 2.8K 16:10 OLED Touch Display, Intel Core i9-12900H CPU, 32GB RAM, 1TB SSD, Windows 11 Pro, ZenVision Display, UX5401ZAS-XS99T","$1,999.99 "
https://www.amazon.com//ASUS-Zenbook-Ultra-Laptop-WQXGA/dp/B09V1S1M2Q/ref=sr_1_113?keywords=laptop&qid=1653585581&sr=8-113,"ASUS Zenbook 14 Flip OLED Ultra Slim Laptop, 14” WQXGA+ 16:10 OLED Touch Display, AMD Ryzen 7 5800H CPU, 16GB RAM, 512GB SSD, NumberPad, Windows 11 Home, Jade Black, UN5401QA-DH71T","$1,099.99 "
https://www.amazon.com//ASUS-Zephyrus-14-inch-GeForce-GA401IH-BR7N2BL/dp/B08CZLW29Z/ref=sr_1_304?keywords=laptop&qid=1653585614&sr=8-304,"ASUS ROG Zephyrus G14 14-inch FHD 512GB SSD 2.9GHz Ryzen 7 VR Ready Laptop (8GB RAM, 8-Core AMD Ryzen 7, GeForce GTX 1650) Eclipse Gray, GA401IH-BR7N2BL",$934.99 
https://www.amazon.com//ASUS-Zephyrus-Gaming-GeForce-Moonlight/dp/B088PDB63Z/ref=sr_1_109?keywords=laptop&qid=1653585578&sr=8-109,"ASUS - ROG Zephyrus G14 14"" Gaming Laptop - AMD Ryzen 9 - 16GB Memory - NVIDIA GeForce RTX 2060 - 1TB SSD - Moonlight White","$1,389.00 "
https://www.amazon.com//ASUS-Zephyrus-Gaming-GeForce-Moonlight/dp/B093TX6BLC/ref=sr_1_154?keywords=laptop&qid=1653585587&sr=8-154,"ASUS - ROG Zephyrus 14"" Gaming Laptop - AMD Ryzen 9 - 16GB Memory - GeForce RTX 3060 - 1TB SSD - Moonlight White","$1,359.99 "
https://www.amazon.com//ASUS-Zephyrus-i7-10875H-Thunderbolt-GX502LXS-XS79/dp/B0876MBLTN/ref=sr_1_103?keywords=laptop&qid=1653585578&sr=8-103,"ASUS ROG Zephyrus S15 Gaming Laptop, 300Hz 15.6"" FHD 3ms IPS Level, Intel Core i7-10875H, NVIDIA GeForce RTX 2080 Super, 32GB DDR4, 1TB RAID 0 SSD, Wi-Fi 6, Per-Key RGB, Windows 10 Pro, GX502LXS-XS79","$2,882.41 "
https://www.amazon.com//ConceptD-CC314-72G-72SX-Convertible-i7-10750H-Validated/dp/B0891RM7DM/ref=sr_1_53?keywords=laptop&qid=1653585567&sr=8-53,"Acer ConceptD 3 Ezel CC314-72G-72SX Convertible Creator Laptop, Intel i7-10750H, GeForce GTX 1650 Max-Q, 14"" FHD, Gorilla Glass, Pantone Validated, 100% sRGB, 16GB, 512GB NVMe SSD, Wacom AES 1.0 Pen","$1,499.99 "
https://www.amazon.com//Dell-Alienware-M15-R6-I5-11400H/dp/B09NP6RJ4Z/ref=sr_1_248?keywords=laptop&qid=1653585606&sr=8-248,"Dell Alienware M15 R6 (Latest Model) I5-11400H 6-CORE 256GB SSD 8GB RAM 15.6"" FHD (1920 X 1080) 165Hz RTX 3060 6GB Dark Moon Win 10 (Renewed)","$1,149.99 "
https://www.amazon.com//Dell-Chromebook-3120-Celeron-Storage/dp/B07V1W1T8S/ref=sr_1_24?keywords=laptop&qid=1653585561&sr=8-24,"Dell Touchscreen Chromebook 11 3120 Intel Celeron N2840, 4GB RAM, 16GB eMMC SSD Storage, Chrome OS, Black (Renewed)",$59.99 
https://www.amazon.com//Dell-G15-GeForce-HDMI2-1-Keyboard/dp/B0B1C1RD3S/ref=sr_1_91?keywords=laptop&qid=1653585574&sr=8-91,"2022 Dell G15 15.6"" 120Hz FHD Gaming Laptop 8-Core AMD Ryzen 7 5800H 32GB DDR4 1TB NVMe SSD NVIDIA GeForce RTX 3050TI 4GB GDDR6 Webcam HDMI2.1 WiFi AX BT RJ-45 USB-C Backlit Keyboard Windows 11 Pro","$1,349.00 "
https://www.amazon.com//Dell-G15-i7-11800H-GeForce-Keyboard/dp/B0B1C1VWTZ/ref=sr_1_137?keywords=laptop&qid=1653585584&sr=8-137,"2022 Dell G15 15.6"" 120Hz FHD Gaming Laptop 8-Core Intel i7-11800H 16GB DDR4 1TB NVMe SSD NVIDIA GeForce RTX 3050 4GB GDDR6 Webcam HDMI2.1 WiFi AX BT RJ-45 USB-C Backlit Keyboard Windows 11 Home","$1,299.00 "
https://www.amazon.com//Dell-G3-15-3500-i7-10750H/dp/B089HR6CQP/ref=sr_1_184?keywords=laptop&qid=1653585592&sr=8-184,"Dell Gaming G3 15 3500, 15.6 inch FHD Non-Touch Laptop - Intel Core i7-10750H, 16GB DDR4 RAM, 512GB SSD, NVIDIA GeForce RTX 2060 6GB GDDR6, Windows 10 Home - Black","$1,699.00 "
https://www.amazon.com//Dell-Inspiron-15-6-inch-i5-1135G7-Laptop/dp/B095RZ62BX/ref=sr_1_46?keywords=laptop&qid=1653585564&sr=8-46,Dell Inspiron 15 3000 15.6-inch Full HD 11th Gen Intel Core i5-1135G7 12GB 256GB SSD Laptop,$560.00 
https://www.amazon.com//Dell-Inspiron-15-6-inch-Quad-Core-Windows/dp/B094L3BYRP/ref=sr_1_213?keywords=laptop&qid=1653585597&sr=8-213,Dell Inspiron 15.6-inch Full HD Touch Screen AMD Ryzen 5 3450U Quad-Core 8GB RAM 256GB SSD Windows 10 Laptop,$506.00 
https://www.amazon.com//Dell-Inspiron-15-Touchscreen-i7-1165G7/dp/B09MCX6ZYN/ref=sr_1_47?keywords=laptop&qid=1653585564&sr=8-47,"Dell Inspiron 15 Touchscreen Laptop 2022 Newest, 15.6"" FHD Display, 11th Gen Intel Core i7-1165G7 (up to 4.7 GHz), 16GB RAM, 1TB PCIE SSD, Webcam, Bluetooth 5, HDMI, Windows 11, Black",$885.00 
https://www.amazon.com//Dell-Inspiron-15-Touchscreen-i7-1165G7/dp/B09MCXNNT5/ref=sr_1_279?keywords=laptop&qid=1653585611&sr=8-279,"Dell Inspiron 15 Touchscreen Laptop 2022 Newest, 15.6"" FHD Display, 11th Gen Intel Core i7-1165G7 (up to 4.7 GHz), 16GB RAM, 512GB PCIE SSD, Webcam, Bluetooth 5, HDMI, Windows 11, Black",$889.00 
https://www.amazon.com//Dell-Inspiron-2-Touch-Screen-i7300-5395SLV-PUS/dp/B08DRQ8ZH6/ref=sr_1_201?keywords=laptop&qid=1653585595&sr=8-201,"Dell - Inspiron 13 7000 2-in-1 - 13.3"" Touch-Screen Laptop - Intel Core i5 - 8GB Memory - 512GB SSD + 32GB Optane - Silver - i7300-5395SLV-PUS",$720.00 
https://www.amazon.com//Dell-Inspiron-3511-Non-Touch-Laptop/dp/B09F3P7VB9/ref=sr_1_243?keywords=laptop&qid=1653585606&sr=8-243,"Dell Inspiron 15 3511, 15.6 inch FHD Non-Touch Laptop - Intel Core i5-1135G7, 12GB DDR4 RAM, 256GB SSD, Intel Iris Xe Graphics, Windows 11 Home - Carbon Black (Latest Model)",$619.00 
https://www.amazon.com//Dell-Inspiron-3511-Non-Touch-Laptop/dp/B09GYN91J9/ref=sr_1_169?keywords=laptop&qid=1653585589&sr=8-169,"Dell Inspiron 15 3511 15.6 Inch Laptop, Full HD LED Non-Touch WVA Display - Intel Core i3-1115G4, 8GB DDR4 RAM, 256GB SSD, Intel UHD Graphics, Windows 11 Home - Carbon Black",$455.98 
https://www.amazon.com//Dell-Inspiron-3583-Laptop-Celeron/dp/B08HSNRFTX/ref=sr_1_97?keywords=laptop&qid=1653585578&sr=8-97,Dell Inspiron 3583 15” Laptop Intel Celeron – 128GB SSD – 4GB DDR4 – 1.6GHz - Intel UHD Graphics 610 - Windows 10 Home - Inspiron 15 3000 Series - New,$324.00 
https://www.amazon.com//Dell-Inspiron-5515-Touchscreen-Laptop/dp/B09FN9QZS7/ref=sr_1_78?keywords=laptop&qid=1653585570&sr=8-78,"Dell Inspiron 15 5515, 15.6 inch FHD Touchscreen Laptop - AMD Ryzen 7 5700U, 16GB DDR4 RAM, 512GB SSD, AMD Radeon Graphics, Windows 11 Home - Platinum Silver",$873.00 
https://www.amazon.com//Dell-Inspiron-7000-Touchscreen-i5-1135G7/dp/B09MF2WRD9/ref=sr_1_254?keywords=laptop&qid=1653585606&sr=8-254,"2021 Dell Inspiron 7000 2-in-1 13.3"" FHD Touchscreen Laptop Computer, Intel Core i5-1135G7, 8GB RAM, 512GB PCIe SSD, Backlit Keyboard, Intel Iris Xe Graphics, HD Webcam, MaxxAudio, Windows 11, Silver",$799.00 
https://www.amazon.com//Dell-Inspiron-Business-i7-1165G7-Keyboard/dp/B08ND1FZ39/ref=sr_1_156?keywords=laptop&qid=1653585587&sr=8-156,"2021 Newest Dell Inspiron 5510 Laptop, 15.6"" FHD Display, Intel Core i7-11370H, 32GB RAM, 1TB PCIe SSD, Thunderbolt 4, HDMI, Webcam, Fingerprint Reader, Wi-Fi 6, Backlit Keyboard, Silver, Win 10","$1,449.99 "
https://www.amazon.com//Dell-Inspiron-Convertible-Display-i7-1165G7/dp/B09JQCK2R9/ref=sr_1_173?keywords=laptop&qid=1653585589&sr=8-173,"Newest Dell Inspiron 7000 2-in-1 Convertible Laptop, 17"" QHD+ 2K Touch Display, Intel Core i7-1165G7, 32 GB RAM, 1TB PCIe SSD, Intel Iris Xe, Webcam, Backlit KB, FP Reader, Windows 10, Silver","$1,569.99 "
https://www.amazon.com//Dell-Inspiron-i5-1135G7-Quad-Core-Processor/dp/B081FDK94Y/ref=sr_1_111?keywords=laptop&qid=1653585578&sr=8-111,"2021 Newest Dell Inspiron 15 3000 3501 Laptop, 15.6"" Full HD 1080P Screen, 11th Gen Intel Core i5-1135G7 Quad-Core Processor, 16GB RAM, 256GB SSD + 1TB HDD, Webcam, HDMI, Wi-Fi, Windows 10 Home, Black",$668.00 
https://www.amazon.com//Dell-Inspiron-i7-11390H-Geforce-Thunderbolt4/dp/B09YTYXFNB/ref=sr_1_178?keywords=laptop&qid=1653585592&sr=8-178,"2022 Dell Inspiron 5510 Laptop | 15.6"" FHD WVA | Intel 11th 4-Core i7-11390H | 32GB DDR4 1TB NVMe SSD | NVIDIA Geforce MX450 2GB GDDR5 | WiFi 6 | HDMI | Thunderbolt4 | Backlit | FPR | Win11 Pro","$1,399.99 "
https://www.amazon.com//Dell-Inspiron-i7-11390H-Thunderbolt4-0-Fingerprint/dp/B09SLLC612/ref=sr_1_6?keywords=laptop&qid=1653585547&sr=8-6,2022 Dell Inspiron 5510 15.6” FHD WVA Laptop PC Intel 11th 4-Core i7-11390H 32GB DDR4 1TB NVMe SSD NVIDIA Geforce MX450 2GB GDDR5 WiFi AX HDMI Thunderbolt4.0 Backlit Fingerprint Windows 10 Pro,"$1,399.99 "
https://www.amazon.com//Dell-Inspiron-Intel-Platform-Laptop/dp/B09R7NFN4B/ref=sr_1_252?keywords=laptop&qid=1653585606&sr=8-252,"Dell Inspiron 13.3"" Intel Evo Platform Laptop - 11th Gen Intel Core i5-11320H - FHD+ 1920 x 1200 Display - 16 GB Ram, 512GB SSD Windows 11",$729.99 
https://www.amazon.com//Dell-Inspiron-Touchscreen-i5-1135G7-Bluetooth/dp/B09RMTZG2Q/ref=sr_1_162?keywords=laptop&qid=1653585589&sr=8-162,2022 Dell Inspiron I3000 15.6” FHD Touchscreen Laptop PC Intel 4-Core 11th Gen i5-1135G7 Iris Xe Graphics 8GB DDR4 RAM 256GB M.2 NVMe SSD HDMI Webcam Bluetooth WiFi AC Card Reader Windows 11 Home,$669.99 
https://www.amazon.com//Dell-Inspiron-Touchscreen-Quad-Core-i7-1165G7/dp/B09WXYZSW6/ref=sr_1_165?keywords=laptop&qid=1653585589&sr=8-165,2022 Newest Dell Inspiron 3000 15.6” FHD Touchscreen Laptop PC Intel 11th Gen Quad-Core i7-1165G7 32GB DDR4 1TB NVMe SSD Iris Xe Graphics HDMI Webcam Card Reader RJ-45 Windows 11 Home,"$1,199.99 "
https://www.amazon.com//Dell-Latitude-3000-3420-Notebook/dp/B095KNYVJ9/ref=sr_1_147?keywords=laptop&qid=1653585587&sr=8-147,"Dell Latitude 3000 3420 14"" Notebook - Full HD - 1920 x 1080 - Intel Core i7 11th Gen i7-1165G7 Quad-core (4 Core) 2.80 GHz - 8 GB RAM - 256 GB SSD - Black","$1,091.97 "
https://www.amazon.com//Dell-Latitude-3520-Touch-Laptop/dp/B094YZ24KG/ref=sr_1_92?keywords=laptop&qid=1653585574&sr=8-92,"Dell Latitude 3520, 15.6 inch FHD Non Touch Laptop - Intel Core i5-1135G7, 8GB DDR4 RAM, 256GB SSD HD, Intel Iris Xe Graphics, Windows Pro - Black (Latest Model)",$770.95 
https://www.amazon.com//Dell-Latitude-i7-8650U-Certified-Refurbished/dp/B07D5FRTLV/ref=sr_1_33?keywords=laptop&qid=1653585564&sr=8-33,"Dell Latitude 7490 Intel Core i7-8650U 16GB DDR4 RAM, 512GB SSD 14"" FHD Windows 10 Pro Laptop (Renewed)",$419.00 
https://www.amazon.com//Dell-Latitude-Rugged-14-Professional/dp/B07D93QK45/ref=sr_1_79?keywords=laptop&qid=1653585570&sr=8-79,"Dell Latitude 5414 Rugged Business Laptop Notebook, 14 inch FHD (1920x1080) LCD, Intel Core i5-6300U, 8GB Ram, 512GB SSD, WiFi, Windows 10 Professional (Renewed)",$619.80 
https://www.amazon.com//Dell-Precision-M4800-Ultrapowerful-Workstation/dp/B07TSFRJSW/ref=sr_1_290?keywords=laptop&qid=1653585614&sr=8-290,"Dell Precision M4800 15.6 FHD Ultrapowerful Mobile Workstation Laptop PC, Intel Core i7-4810MQ, 32GB RAM, 1TB Hard Drive, NVIDIA Quadro K2100M, Windows 10 Pro (Renewed)",$718.21 
https://www.amazon.com//Dell-Precision-Notebook-Computer-i7-8850H/dp/B08FP1RDHH/ref=sr_1_288?keywords=laptop&qid=1653585611&sr=8-288,Dell Precision 5530 15.6” FHD IGZO4 Laptop Notebook Computer Intel 6-Core i7-8850H 2.60 GHz 32GB RAM 1TB SSD Nvidia Quadro P1000 No DVD Win 10 Pro (Renewed),$849.00 
https://www.amazon.com//Dell-Precision-Workstation-Business-E3-1535M/dp/B07ND4G5XK/ref=sr_1_105?keywords=laptop&qid=1653585578&sr=8-105,"Dell Precision 7510 FHD 15.6in Workstation Business Laptop (Intel Quad Core Xeon E3-1535M V5, 16GB Ram, 512GB SSD, HDMI, Camera) Nvidia Quadro M1000M 2GB GDDR5 (Renewed)","$1,899.98 "
https://www.amazon.com//Dell-Touchscreen-Screen-Laptop-13-4/dp/B08XFVYWD1/ref=sr_1_75?keywords=laptop&qid=1653585570&sr=8-75,"Dell XPS 9310 Thin and Light Touchscreen Laptop - 13.4 Inch UHD+ 4K Display - Intel Core i7-1185G7, 32GB LPDDR4x RAM, 2TB SSD, Intel Iris Xe Graphics, Windows 10 Home - Platinum Silver","$2,249.99 "
https://www.amazon.com//Dell-XPS-17-9710-i7-11800H/dp/B09HSVDRCH/ref=sr_1_206?keywords=laptop&qid=1653585595&sr=8-206,"Dell XPS 17 9710, 17"" 4K+ UHD Touch Laptop Core i7-11800H 1TB SSD 32GB DDR4 RAM NVIDIA RTX 3060 Win 10 (Renewed)","$2,685.51 "
https://www.amazon.com//Evoo-Processor-GeForce-Keyboard-EG-LP7-BK/dp/B08KV8HP98/ref=sr_1_108?keywords=laptop&qid=1653585578&sr=8-108,"Evoo Gaming 15.6” Laptop, FHD, 120Hz, AMD Ryzen 7 4800H Processor, NVIDIA GeForce RTX 2060, THX Spatial Audio, 512GB SSD, 16GB RAM, RGB Backlit Keyboard, HD Camera, Windows 10 Home, Black (EG-LP7-BK)",$949.99 
https://www.amazon.com//Gateway-Notebook-Computer-i5-1035G1-Graphics/dp/B09FYN9MTY/ref=sr_1_212?keywords=laptop&qid=1653585597&sr=8-212,"2021 Gateway 15.6"" FHD Ultra Slim Notebook Laptop Computer, AMD Ryzen 5-3450U(Beats Intel i5-1035G1), 16GB RAM, 256GB SSD, Radeon Vega 8 Graphics, THX Audio, 1MP Webcam, Win 10, Black, 32GB USB Card",$519.00 
https://www.amazon.com//GIGABYTE-AERO-17-HDR-XD-73US524SP/dp/B093Z1PWCF/ref=sr_1_51?keywords=laptop&qid=1653585567&sr=8-51,"GIGABYTE AERO 17 HDR XD - 17.3"" UHD 4k IPS Anti-Glare, Intel Core i7, NVIDIA GeForce RTX 3070 Laptop GPU 8GB GDDR6, 16GB RAM, 1TB SSD, Win10 Pro, Creator Laptop (AERO 17 HDR XD-73US524SP)","$3,299.00 "
https://www.amazon.com//GIGABYTE-AORUS-17G-Anti-Glare-YD-73US345SH/dp/B0996812KP/ref=sr_1_54?keywords=laptop&qid=1653585567&sr=8-54,"GIGABYTE AORUS 17G YD- 17.3” FHD IPS Anti-Glare 300Hz, Intel Core i7, NVIDIA GeForce RTX 3080 Laptop GPU 8GB GDDR6, 32GB RAM, 512GB SSD, Win10 Home, Gaming Laptop (AORUS 17G YD-73US345SH)","$2,549.00 "
https://www.amazon.com//GIGABYTE-U4-UD-i7-1195G7-UD-70US823SH/dp/B09KBJSSH7/ref=sr_1_42?keywords=laptop&qid=1653585564&sr=8-42,"GIGABYTE U4 UD - 14.0"" FHD - i7-1195G7 - Intel Iris Xe Graphics - 512 GB PCIe SSD - Laptop (U4 UD-70US823SH)",$717.93 
https://www.amazon.com//HP-14-inch-Celeron-Personal-14-cb185nr/dp/B084SKWC89/ref=sr_1_25?keywords=laptop&qid=1653585561&sr=8-25,"HP Stream 14-inch Laptop, Intel Celeron N4000, 4 GB RAM, 64 GB eMMC, Windows 10 Home in S Mode With Office 365 Personal For 1 Year (14-cb185nr, Royal Blue)",$199.99 
https://www.amazon.com//HP-14-Performance-Wireless-AC-Bluetooth/dp/B087N5LKNL/ref=sr_1_172?keywords=laptop&qid=1653585589&sr=8-172,"Newest HP 14"" HD WLED Backlit High Performance Business Laptop, AMD Athlon Silver 3050U up to 3.2GHz, 4GB DDR4, 128GB SSD, Wireless-AC, HDMI, Bluetooth, Webcam, SD Card Reader, Windows 10 S",$265.99 
https://www.amazon.com//HP-15-Inch-i5-1035G1-Solid-State-15-dy1036nr/dp/B085B5SXLY/ref=sr_1_170?keywords=laptop&qid=1653585589&sr=8-170,"HP 15-dy1036nr 10th Gen Intel Core i5-1035G1, 15.6-Inch FHD Laptop, Natural Silver",$514.77 
https://www.amazon.com//HP-15-inch-Touchscreen-Windows-15-ef1020nr/dp/B084TRD5V1/ref=sr_1_110?keywords=laptop&qid=1653585578&sr=8-110,"HP 15-inch Touchscreen Laptop, AMD Ryzen 3 3250U, 8 GB RAM, 256 GB SSD, Windows 10 Home in S Mode (15-ef1020nr, Natural Silver)",$479.57 
https://www.amazon.com//HP-17z-Touchscreen-Quad-Core-Processor/dp/B09KYBP9VX/ref=sr_1_289?keywords=laptop&qid=1653585614&sr=8-289,"[Windows 11 Home] 2022 Newest HP 17z Laptop | 17.3"" HD+ Touchscreen | AMD Ryzen 3 5300U Quad-Core 2.6GHz to 3.8GHz Processor | 16GB DDR4 Memory | 1TB PCIe NVMe M.2 SSD | Type-C | Webcam | Silver",$729.00 
https://www.amazon.com//HP-316H8UA-Notebook-Computer-i5-1135G7/dp/B09PQP34L8/ref=sr_1_149?keywords=laptop&qid=1653585587&sr=8-149,"HP 316H8UA 17.3"" Full HD Notebook Computer, Intel Core i5-1135G7 2.4GHz, 12GB RAM, 1TB HDD, Windows 10 Home, Free Upgrade to Windows 11, Natural Silver - Refurbished",$529.00 
https://www.amazon.com//HP-Chromebook-11-inch-Laptop-11a-na0010nr/dp/B08HJT1BKQ/ref=sr_1_145?keywords=laptop&qid=1653585587&sr=8-145,"HP Chromebook 11-inch Laptop - MediaTek - MT8183 - 4 GB RAM - 32 GB eMMC Storage - 11.6-inch HD Display - with Chrome OS™ - (11a-na0010nr, 2020 model)",$127.50 
https://www.amazon.com//HP-Chromebook-14-Inch-Celeron-14a-na0020nr/dp/B08529BZSQ/ref=sr_1_18?keywords=laptop&qid=1653585561&sr=8-18,"HP Chromebook 14-inch HD Laptop, Intel Celeron N4000, 4 GB RAM, 32 GB eMMC, Chrome (14a-na0020nr, Ceramic White)",$121.49 
https://www.amazon.com//HP-Chromebook-Micro-Edge-Touchscreen-14a-ca0023nr/dp/B099LR1LHL/ref=sr_1_198?keywords=laptop&qid=1653585595&sr=8-198,"HP Chromebook x360 14a 2-in-1 Laptop, Intel Pentium Silver N5030, 4 GB RAM, 64 GB eMMC, 14” HD Micro-Edge Touchscreen, Chrome OS, 720p Webcam, Dual Speakers, Long Battery Life (14a-ca0023nr, 2021)",$309.00 
https://www.amazon.com//HP-Display-i3-1115G4-Windows-Bluetooth/dp/B09LJPW1SQ/ref=sr_1_32?keywords=laptop&qid=1653585561&sr=8-32,"New 2022 HP 17.3"" FHD IPS Display, 11th Gen Intel Core i3-1115G4, Windows 11 Home, 8GB RAM, 256GB SSD, Wi-Fi 5, Bluetooth, HDMI, Webcam",$589.00 
https://www.amazon.com//HP-Display-i5-1135G7-i7-8500-Bluetooth/dp/B09L2DPHRV/ref=sr_1_30?keywords=laptop&qid=1653585561&sr=8-30,"New 2022 HP 17.3"" FHD IPS Display, 11th Gen Intel Core i5-1135G7(Beats i7-8500), Windows 11 Home, 8GB RAM, 512GB SSD, Wi-Fi 5, Bluetooth, HDMI, Webcam",$559.99 
https://www.amazon.com//HP-Generation-i5-1135G7-Graphics-17-cn0025nr/dp/B09FXLRBFQ/ref=sr_1_191?keywords=laptop&qid=1653585592&sr=8-191,"HP 17-inch Laptop, 11th Generation Intel Core i5-1135G7, Intel Iris Xe Graphics, 8 GB RAM, 256 GB SSD, Windows 11 Home (17-cn0025nr,Natural Silver)",$564.39 
https://www.amazon.com//HP-i5-10500-Numeric-Fingerprint-Natural/dp/B09DB3H45Q/ref=sr_1_196?keywords=laptop&qid=1653585595&sr=8-196,"HP 17.3"" FHD Laptop, AMD Ryzen 5 5500U (Beat i5-10500) 6-Core up to 4.0GHz, 8GB RAM, 256GB NVMe SSD, USB-C, Numeric Keypad, Fingerprint, HDMI, Webcam, WiFi, Win 10S, Natural Silver",$560.00 
https://www.amazon.com//HP-i5-1135G7-17-3-inch-Anti-Glare-17-cn0021nr/dp/B08ZK18TWF/ref=sr_1_134?keywords=laptop&qid=1653585584&sr=8-134,"HP 17 Laptop, 11th Gen Intel Core i5-1135G7, 8 GB RAM, 256 GB SSD Storage, 17.3-inch HD+ Display, Windows 10 Home, Anti-Glare Screen, Long Battery Life, Web-cam & Dual Mics (17-cn0021nr, 2021)",$639.99 
https://www.amazon.com//HP-i5-1135G7-17-3-inch-Bluetooth-Accessories/dp/B09LLTN3HV/ref=sr_1_118?keywords=laptop&qid=1653585581&sr=8-118,"HP 17 Laptop, 11th Gen Intel Core i5-1135G7, 8 GB RAM, 512 GB SSD, 17.3-inch Full HD (1920 x 1080) Display, Windows 11 Home, 802.11ac, Bluetooth, HDMI, Long Battery Life, W/ Valinor Accessories",$589.00 
https://www.amazon.com//HP-i5-1135G7-Processor-Lightweight-15-dy2021nr/dp/B08KGZ79N6/ref=sr_1_293?keywords=laptop&qid=1653585614&sr=8-293,"HP 15 Laptop, 11th Gen Intel Core i5-1135G7 Processor, 8 GB RAM, 256 GB SSD Storage, 15.6” Full HD IPS Display, Windows 10 Home, HP Fast Charge, Lightweight Design (15-dy2021nr, 2020)",$572.34 
https://www.amazon.com//HP-i7-1165G7-Graphics-Windows-Accessories/dp/B09RQC9D9W/ref=sr_1_223?keywords=laptop&qid=1653585597&sr=8-223,2022 Newest HP 17.3 FHD IPS Laptop Intel 4-Core i7-1165G7 Intel Iris Xe Graphics 16GB RAM DDR4 1TB NVMe SSD HDMI WiFi AX BT5.0 USB-C Webcam Starry Black Windows 11 Home w/ RE Accessories,"$1,149.99 "
https://www.amazon.com//HP-i7-1165G7-Processor-Micro-Edge-15-eg0025nr/dp/B09FX1YF28/ref=sr_1_96?keywords=laptop&qid=1653585574&sr=8-96,"HP Pavilion 15 Laptop, 11th Gen Intel Core i7-1165G7 Processor, 16 GB RAM, 512 GB SSD Storage, Full HD IPS micro-edge Display, Windows 11 Pro, Compact Design, Long Battery Life (15-eg0025nr, 2021)",$843.30 
https://www.amazon.com//HP-i7-11800H-GeForce-Backlit-Thunderbolt4/dp/B09Y8M3X1K/ref=sr_1_264?keywords=laptop&qid=1653585608&sr=8-264,"2022 HP Omen 17.3"" 144 Hz IPS FHD Gaming Laptop 8-Core Intel i7-11800H 32GB DDR4 2TB NVMe SSD NVIDIA GeForce RTX 3060 6GB DTS Audio Backlit WiFi AX Thunderbolt4 HDMI RJ45 Windows 11 Pro w/RE 32GB USB","$1,899.00 "
https://www.amazon.com//HP-Laptop-i5-1135G7-Windows-Natural/dp/B0977R5GK6/ref=sr_1_127?keywords=laptop&qid=1653585581&sr=8-127,"HP 15.6"" Full HD (1920 x 1080) Laptop, Intel Core i5-1135G7, 8GB RAM, 256GB SSD, Windows 10 Home, Natural Silver",$500.00 
https://www.amazon.com//HP-Laptop-TOUCH-INDIGO-14-fq0040nr/dp/B08LLH5VQ5/ref=sr_1_138?keywords=laptop&qid=1653585584&sr=8-138,"HP 14 Laptop, AMD 3020e, 4 GB DDR4 RAM, 64 GB eMMC Storage, 14-inch HD Touchscreen Display, Windows 10 Home (14-fq0040nr, 2020 Model) (Renewed)",$399.00 
https://www.amazon.com//HP-Micro-edge-Microsoft-14-dq0040nr-Snowflake/dp/B0947BJ67M/ref=sr_1_241?keywords=laptop&qid=1653585606&sr=8-241,"HP 14 Laptop, Intel Celeron N4020, 4 GB RAM, 64 GB Storage, 14-inch Micro-edge HD Display, Windows 10 Home, Thin & Portable, 4K Graphics, One Year of Microsoft 365 (14-dq0040nr, 2021, Snowflake White)",$199.99 
https://www.amazon.com//HP-Non-Touch-i7-1165G7-Quad-Core-Processor/dp/B09X619XMG/ref=sr_1_85?keywords=laptop&qid=1653585574&sr=8-85,"2022 Newest HP 17t Laptop, 17.3'' HD+ Non-Touch Screen, Intel Core i7-1165G7 Quad-Core Processor, 64GB DDR4 RAM, 1TB PCIe NVMe SSD, Wi-Fi 5, Bluetooth, HDMI, Webcam, Windows 11 Home, Black","$1,139.00 "
https://www.amazon.com//HP-Notebook-Display-3-3250U-Processor/dp/B09WX9TDM1/ref=sr_1_3?keywords=laptop&qid=1653585547&sr=8-3,"2022 Newest HP Notebook Laptop, 14"" Full HD Display, AMD Ryzen 3-3250U Processor, 16GB DDR4 Memory, 512GB SSD Storage, Webcam, USB Type-C, RJ-45, HDMI, Windows 11 Home, Silver",$499.00 
https://www.amazon.com//HP-Notebook-Touchscreen-Processor-Bluetooth/dp/B09XBYCRC8/ref=sr_1_81?keywords=laptop&qid=1653585574&sr=8-81,"Newest HP Notebook Laptop, 15.6"" HD Touchscreen, AMD Ryzen 3 3250U Processor, 8GB DDR4 RAM, 256GB PCIe NVMe SSD, Media Card Reader, Wi-Fi, Bluetooth, Windows 11 Home, Silver",$509.00 
https://www.amazon.com//HP-Pavilion-Gaming-Laptop-GeForce/dp/B08P6MRZBG/ref=sr_1_120?keywords=laptop&qid=1653585581&sr=8-120,"HP - Pavilion 15.6"" Gaming Laptop - AMD Ryzen 5 - 8GB Memory - NVIDIA GeForce GTX 1650 - 256GB SSD - Shadow Black",$675.42 
https://www.amazon.com//HP-Pavilion-Graphics-Micro-Edge-Anti-Glare/dp/B09FFVNJPF/ref=sr_1_135?keywords=laptop&qid=1653585584&sr=8-135,"HP Pavilion Premium Laptop (2021 Model), 15.6"" FHD Display, AMD Athlon N3050, AMD Radeon Graphics, 16GB RAM, 512GB SSD, Thin & Portable, Micro-Edge & Anti-Glare Screen, Long Battery Life, Win10",$499.00 
https://www.amazon.com//HP-Pavilion-i3-1115G4-Processor-Anti-Glare/dp/B09SVRH1F6/ref=sr_1_132?keywords=laptop&qid=1653585584&sr=8-132,"HP Pavilion Laptop (2022 Model), 17.3"" FHD IPS Display, Intel Core i3-1115G4 Processor, 16GB RAM, 512GB PCIe SSD, Anti-Glare Screen, Long Battery Life, Webcam, HDMI, Bluetooth, Wi-Fi, Windows 11",$629.00 
https://www.amazon.com//HP-Pavilion-Quad-core-Processor-Bluetooth/dp/B0985RPB47/ref=sr_1_220?keywords=laptop&qid=1653585597&sr=8-220,"2021 Newest 15.6"" HP Pavilion HD Laptop, Intel Quad-core Pentium Processor, 16GB RAM, 1TB SSD, Intel UHD Graphics, HD Webcam, Bluetooth, HDMI, USB Type-C, Scarlet Red, Windows 10",$589.00 
https://www.amazon.com//HP-Pavilion-Touchscreen-i7-1065G7-Quad-Core/dp/B0921P31PT/ref=sr_1_240?keywords=laptop&qid=1653585602&sr=8-240,"2022 Newest HP Notebook Laptop, 14"" HD Touchscreen, AMD Ryzen 3 3250U Processor, 16GB DDR4 RAM, 1TB PCIe NVMe SSD, Webcam, HDMI, USB Type-C, Wireless-AC Wi-Fi 5, Bluetooth, Windows 11 Home, Silver",$649.00 
https://www.amazon.com//HP-Pavilion-Touchscreen-i7-1165G7-Bluetooth/dp/B09T2VDGYX/ref=sr_1_299?keywords=laptop&qid=1653585614&sr=8-299,"2022 HP Pavilion 15.6"" FHD Touchscreen Laptop 11th Gen 4-Core Intel i7-1165G7 32GB DDR4 1TB NVMe SSD Iris Xe Graphics HDMI Webcam WiFi-6 Bluetooth Backlit Keyboard Windows 11 Pro w/ 32GB USB","$1,349.00 "
https://www.amazon.com//HP-Pavilion-Touchscreen-i7-1195G7-Bluetooth/dp/B09RJWXQS1/ref=sr_1_266?keywords=laptop&qid=1653585608&sr=8-266,"2022 HP Pavilion 15.6"" FHD Touchscreen Laptop 11th Gen 4-Core Intel i7-1195G7 32GB DDR4 1TB NVMe SSD Iris Xe Graphics HDMI Webcam WiFi-6 Bluetooth Backlit Keyboard Windows 11 Pro w/ 32GB USB","$1,349.00 "
https://www.amazon.com//HP-Pavilion-Touchscreen-i7-1195G7-Bluetooth/dp/B09XBTGWFT/ref=sr_1_128?keywords=laptop&qid=1653585581&sr=8-128,"2022 Newest HP Pavilion Business Laptop, 15.6"" FHD IPS Touchscreen, 11th Gen Intel i7-1195G7, 16GB RAM, 1TB PCIe SSD, GeForce MX350,Backlit Keyboard, Webcam, HDMI, WiFi, Bluetooth, Windows 11 Pro","$1,099.00 "
https://www.amazon.com//HP-Pavilion-Ultralight-Graphics-Bluetooth/dp/B09SLJH14S/ref=sr_1_217?keywords=laptop&qid=1653585597&sr=8-217,"2022 HP Pavilion Aero Ultralight Laptop 13.3"" WUXGA (1920 x 1200) IPS 8-Core AMD Ryzen 7 5800U 16GB DDR4 512GB NVMe SSD Radeon Graphics WiFi-6 Bluetooth Backlit Keyboard FP Reader Windows 10 Home",$789.00 
https://www.amazon.com//HP-Performance-Pavilion-15-Touchscreen/dp/B08PTH89J3/ref=sr_1_224?keywords=laptop&qid=1653585597&sr=8-224,"HP High Performance Pavilion 15 15.6"" FHD Touchscreen Laptop, 11th Gen Core i7-1165G7, WiFi-6, Backlit Keyboard, USB-C, HDMI, Iris Xe Graphics, 16GB RAM, 512GB PCIe SSD, Win 10, Fog Blue",$820.00 
https://www.amazon.com//HP-Processor-Bluetooth-Silmarils-Accessories/dp/B09YP3NH3Y/ref=sr_1_242?keywords=laptop&qid=1653585606&sr=8-242,"2022 HP 14-inch Diagonal HD Laptop PC, Intel Celeron N4120 Processor, Intel UHD Graphics 600, 4GB RAM, 64GB eMMC, 802.11ac, Bluetooth, HDMI, Windows 11 Home, W/ Silmarils Accessories (Rose Gold)",$239.00 
https://www.amazon.com//HP-Processor-Micro-Edge-Long-Lasting-15-ef2024nr/dp/B09J1PS4TG/ref=sr_1_291?keywords=laptop&qid=1653585614&sr=8-291,"HP 15 Laptop, AMD Ryzen 3 3250U Processor, 8 GB RAM, 256 GB SSD Storage, 15.6-inch HD Micro-Edge Display, Windows 10 Home, Long-Lasting Battery, HP Fast Charge, 720p Webcam (15-ef2024nr)",$456.72 
https://www.amazon.com//HP-Storage-Touchscreen-Microsoft-14-fq0040nr/dp/B08CM17RPZ/ref=sr_1_16?keywords=laptop&qid=1653585547&sr=8-16,"HP 14 Laptop, AMD 3020e, 4 GB RAM, 64 GB eMMC Storage, 14-inch HD Touchscreen, Windows 10 Home in S Mode, Long Battery Life, Microsoft 365, (14-fq0040nr, 2020)",$229.00 
https://www.amazon.com//HP-Storage-Touchscreen-Microsoft-14-fq0050nr/dp/B08CM6Q55C/ref=sr_1_14?keywords=laptop&qid=1653585547&sr=8-14,"HP 14 Laptop, AMD 3020e, 4 GB RAM, 64 GB eMMC Storage, 14-inch HD Touchscreen, Windows 10 Home in S Mode, Long Battery Life, Microsoft 365, (14-fq0050nr, 2020)",$209.99 
https://www.amazon.com//HP-Touchscreen-Computer-Quard-Core-Bluetooth/dp/B08BMLZKL2/ref=sr_1_195?keywords=laptop&qid=1653585595&sr=8-195,"2020 HP 15.6"" Touchscreen Laptop Computer/ 10th Gen Intel Quard-Core i5 1035G1 up to 3.6GHz/ 12GB DDR4 RAM/ 256GB PCIe SSD/ 802.11ac WiFi/ Bluetooth 4.2/ USB 3.1 Type-C/ HDMI/ Silver/ Windows 10 Home",$531.60 
https://www.amazon.com//HP-Touchscreen-i7-1165G7-Graphics-Accessories/dp/B09W8CYJ2V/ref=sr_1_186?keywords=laptop&qid=1653585592&sr=8-186,2022 Newest HP 17.3 HD+ Touchscreen Laptop Intel 4-Core i7-1165G7 Intel Iris Xe Graphics 16GB RAM DDR4 1TB NVMe SSD HDMI WiFi AX BT5.0 USB-C Backlit Keyboard Webcam Windows 10 Home w/ RE Accessories,"$1,199.99 "
https://www.amazon.com//HP-Touchscreen-i7-1165G7-Processor-Fingerprint/dp/B09R5SKVTQ/ref=sr_1_287?keywords=laptop&qid=1653585611&sr=8-287,"Newest HP 15t Business Laptop, 15.6’’ Full HD Touchscreen, Intel Core i7-1165G7 Processor, 32GB RAM, 512GB SSD, Backlit Keyboard, Fingerprint Reader, Wi-Fi 6, Webcam, HDMI, Windows 11 Pro, Silver","$1,079.00 "
https://www.amazon.com//HP-Touchscreen-Portable-Microsoft-14-dq0070nr/dp/B0949SGBF8/ref=sr_1_5?keywords=laptop&qid=1653585547&sr=8-5,"HP 14 Laptop, Intel Celeron N4020, 4 GB RAM, 64 GB Storage, 14-inch HD Touchscreen, Windows 10 Home, Thin & Portable, 4K Graphics, One Year of Microsoft 365 (14-dq0070nr, 2021, Pale Rose Gold)",$299.00 
https://www.amazon.com//HP-X360-Convertible-Touch-Screen-i3-1005G1/dp/B08CDTP2Q1/ref=sr_1_270?keywords=laptop&qid=1653585608&sr=8-270,"HP 2020 Newest Pavilion X360 2-in-1 Convertible 14"" HD Touch-Screen Laptop, 10th Gen Intel Core i3-1005G1, 8GB Ram, 128GB Ssd, Wifi, Webcam, Win 10 S",$487.00 
https://www.amazon.com//Hyundai-Laptop-Performance-Business-Student/dp/B095G15SBJ/ref=sr_1_166?keywords=laptop&qid=1653585589&sr=8-166,Hyundai | 14 Inch Laptop | High Performance Business and Student Notebook | 4GB RAM - 128GB SSD Storage | Intel N4020 | Windows 10 Home S | Expandable Storage | WiFi & Bluetooth | Grey,$239.99 
https://www.amazon.com//Intel-Celeron-N4020-14-Inch-Laptop/dp/B09YRY6QCX/ref=sr_1_93?keywords=laptop&qid=1653585574&sr=8-93,Asus E410 Intel Celeron N4020 4GB 64GB 14-Inch HD LED Win 10 Laptop (Star Black),$249.90 
https://www.amazon.com//Lenovo-Anti-glare-Widescreen-Processor-Wireless-AC/dp/B07XZLP557/ref=sr_1_275?keywords=laptop&qid=1653585611&sr=8-275,"2022 Newest Lenovo Ideapad 3 Laptop, 15.6"" HD Touchscreen, 11th Gen Intel Core i3-1115G4 Processor, 12GB DDR4 RAM, 512GB PCIe NVMe SSD, HDMI, Webcam, Wi-Fi 5, Bluetooth, Windows 11 Home, Almond",$507.00 
https://www.amazon.com//Lenovo-Chromebook-Convertible-11-6-Inch-81HY0000US/dp/B07GM2J11Q/ref=sr_1_27?keywords=laptop&qid=1653585561&sr=8-27,"Lenovo Chromebook C330 2-in-1 Convertible Laptop, 11.6"" HD Display, MediaTek MT8173C, 4GB RAM, 64GB Storage, Chrome OS, Blizzard White",$294.07 
https://www.amazon.com//Lenovo-Chromebook-MediaTek-Processor-81JW0000US/dp/B07GLV1VC7/ref=sr_1_29?keywords=laptop&qid=1653585561&sr=8-29,"Lenovo Chromebook S330 Laptop, 14-Inch FHD Display, MediaTek MT8173C, 4GB RAM, 64GB Storage, Chrome OS",$198.26 
https://www.amazon.com//Lenovo-Chromebook-Processor-Graphics-82C10004US/dp/B08523MMRX/ref=sr_1_265?keywords=laptop&qid=1653585608&sr=8-265,"Lenovo Chromebook 3 14"" Laptop, 14.0"" HD (1366 x 768) Display, Intel Celeron N4020 Processor, 4GB LPDDR4, 32GB SSD, Intel UHD Graphics 600, Chrome OS, 82C10004US, Platinum Grey",$178.00 
https://www.amazon.com//Lenovo-Display-Processor-Storage-82JW00BDUS/dp/B09BDGD2TZ/ref=sr_1_7?keywords=laptop&qid=1653585547&sr=8-7,"Lenovo - Legion 5 - Gaming Laptop - 15.6"" FHD Display - AMD Ryzen 7 5800H - 16GB RAM - 512GB Storage - NVIDIA GeForce RTX 3050Ti - Windows 11 Home - Phantom Blue",$993.14 
https://www.amazon.com//Lenovo-Display-Storage-GeForce-Windows/dp/B09YVTKGSH/ref=sr_1_221?keywords=laptop&qid=1653585597&sr=8-221,"Lenovo Legion 5 Gaming Laptop, 15.6"" FHD Display, AMD Ryzen 7 5800H, 16GB RAM, 1TB SSD Storage, NVIDIA GeForce RTX 3050Ti, Windows 10H, Phantom Blue","$1,325.99 "
https://www.amazon.com//Lenovo-i7-1165G7-1920x1080-Fingerprint-Bluetooth/dp/B09KS9Y9TC/ref=sr_1_245?keywords=laptop&qid=1653585606&sr=8-245,"Lenovo ThinkPad E15 G2 Home & Business Laptop (Intel i7-1165G7 4-Core, 32GB RAM, 2TB PCIe SSD, Intel Iris Xe, 15.6"" Full HD (1920x1080), Fingerprint, WiFi, Bluetooth, Webcam, Win 11 Pro) with Hub","$2,299.00 "
https://www.amazon.com//Lenovo-i7-1165G7-Processor-Graphics-82A6000BUS/dp/B08Z9T5HNM/ref=sr_1_158?keywords=laptop&qid=1653585587&sr=8-158,"Lenovo IdeaPad Slim 7i 14.0"" Laptop, 14.0"" FHD (1920 x 1080), Intel Core i7-1165G7 Processor, 8GB DDR4 RAM, 512GB NVMe SSD Storage, Intel Iris X Graphics, Windows 10 Home, 82A6000BUS, Slate Grey","$1,049.99 "
https://www.amazon.com//Lenovo-IdeaPad-14ITL05-82FE00MEUS-Notebook/dp/B09BMHSMBF/ref=sr_1_86?keywords=laptop&qid=1653585574&sr=8-86,"Lenovo IdeaPad 5 14ITL05 82FE00MEUS 14"" Notebook - Full HD - 1920 x 1080 - Intel Core i5 11th Gen i5-1135G7 Quad-core (4 Core) 2.40 GHz - 16 GB RAM - 512 GB SSD - Graphite Gray",$709.99 
https://www.amazon.com//Lenovo-IdeaPad-ComputerAMD-A6-9220e-Microsoft/dp/B081GMHQLR/ref=sr_1_284?keywords=laptop&qid=1653585611&sr=8-284,"2020 Lenovo IdeaPad Laptop ComputerAMD A6-9220e 1.6GHz 4GB Memory 64GB eMMC Flash Memory 14"" AMD Radeon R4 AC WiFi Microsoft Office 365 Platinum Gray Windows 10 Home",$299.99 
https://www.amazon.com//Lenovo-IdeaPad-Display-GeForce-82K200UTUS/dp/B09BDFTX65/ref=sr_1_2?keywords=laptop&qid=1653585547&sr=8-2,"Lenovo - 2021 - IdeaPad 3 - Gaming Laptop - 15.6"" FHD Display - AMD Ryzen 5 5600H - 8GB RAM - 256GB Storage - NVIDIA GeForce GTX 1650 - Windows 11 Home",$648.10 
https://www.amazon.com//Lenovo-IdeaPad-Display-Processor-82K20015US/dp/B08YKHGKTV/ref=sr_1_193?keywords=laptop&qid=1653585595&sr=8-193,"Lenovo IdeaPad Gaming 3 15 Laptop, 15.6"" FHD Display, AMD Ryzen 5 5600H, NVIDIA GeForce GTX 1650, 8GB RAM, 256GB Storage, Windows 10H",$656.00 
https://www.amazon.com//Lenovo-IdeaPad-Gaming-Laptop-GeForce/dp/B08N5TQD6M/ref=sr_1_239?keywords=laptop&qid=1653585602&sr=8-239,Lenovo - IdeaPad L340 15 Gaming Laptop - Intel Core i5 - 8GB Memory - NVIDIA GeForce GTX 1650 - 256GB Solid State Drive - Black,$691.99 
https://www.amazon.com//Lenovo-IdeaPad-i5-1035G1-15-6-inch-Screen/dp/B08NXSJVCR/ref=sr_1_31?keywords=laptop&qid=1653585561&sr=8-31,Lenovo IdeaPad 3 Intel i5-1035G1 Quad Core 12GB RAM 256GB SSD 15.6-inch Touch Screen Laptop,$535.46 
https://www.amazon.com//Lenovo-IdeaPad-i5-1135G7-Graphics-Fingerprint/dp/B09TB1KX4S/ref=sr_1_102?keywords=laptop&qid=1653585578&sr=8-102,"2022 Lenovo IdeaPad 5i 14"" FHD IPS 300 nits LCD Laptop 11th Gen 4-Core Intel i5-1135G7 Iris Xe Graphics 16GB DDR4 512GB NVMe SSD HDMI WIFI AX USB-C Backlit KB Fingerprint Windows 11 Home w/RE 32GB USB",$829.99 
https://www.amazon.com//Lenovo-IdeaPad-i5-1135G7-Touchscreen-Laptop/dp/B09KWGHCLK/ref=sr_1_45?keywords=laptop&qid=1653585564&sr=8-45,Lenovo IdeaPad 3 Intel Core i5-1135G7 12GB 256GB SSD 15.6 FHD Touchscreen Laptop,$537.95 
https://www.amazon.com//Lenovo-Ideapad-i5-9300H-Processor-81LK00HDUS/dp/B07VC55LF5/ref=sr_1_181?keywords=laptop&qid=1653585592&sr=8-181,"Lenovo Ideapad L340 Gaming Laptop, 15.6 Inch FHD (1920 X 1080) IPS Display, Intel Core i5-9300H Processor, 8GB DDR4 RAM, 512GB Nvme SSD, NVIDIA GeForce GTX 1650, Windows 10, 81LK00HDUS, Black",$681.00 
https://www.amazon.com//Lenovo-IdeaPad-Laptop-i5-1035G1-Platinum/dp/B08W4PJC8J/ref=sr_1_101?keywords=laptop&qid=1653585578&sr=8-101,"Lenovo IdeaPad 3 Laptop 10th Gen i5-1035G1, 14"" HD 1080p, 8GB DDR4, 512GB SSD Win 10 Home- Platinum Grey",$439.00 
https://www.amazon.com//Lenovo-IdeaPad-Lightweight-Pentium-Windows/dp/B09P19C9Z5/ref=sr_1_19?keywords=laptop&qid=1653585561&sr=8-19,"Lenovo IdeaPad 3i 15.6"" FHD Lightweight Laptop (Intel Pentium Gold 7505, 4GB RAM, 128GB SSD, Windows 11)",$319.95 
https://www.amazon.com//Lenovo-IdeaPad-Processor-Graphics-81VU0079US/dp/B08YKHYCPW/ref=sr_1_23?keywords=laptop&qid=1653585561&sr=8-23,"Lenovo IdeaPad 1 14 Laptop, 14.0"" HD Display, Intel Celeron N4020, 4GB RAM, 64GB Storage, Intel UHD Graphics 600, Win 10 in S Mode, Ice Blue",$229.89 
https://www.amazon.com//Lenovo-IdeaPad-Processor-Graphics-81W0003QUS/dp/B0862269YP/ref=sr_1_26?keywords=laptop&qid=1653585561&sr=8-26,"Lenovo IdeaPad 3 14"" Laptop, 14.0"" FHD 1920 x 1080 Display, AMD Ryzen 5 3500U Processor, 8GB DDR4 RAM, 256GB SSD, AMD Radeon Vega 8 Graphics, Narrow Bezel, Windows 10, 81W0003QUS, Abyss Blue",$518.00 
https://www.amazon.com//Lenovo-Legion-pro-Display-GeForce/dp/B01L4I438G/ref=sr_1_126?keywords=laptop&qid=1653585581&sr=8-126,"2022 Newest Lenovo Legion 5 pro Gaming Laptop, 16"" 165Hz QHD IPS Display, AMD Ryzen 7 5800H (8 Core) 3.20 GHz, NVIDIA GeForce RTX 3060 6GB GDDR6, Windows 11H, Storm Gray (32GB RAM | 1TB NVMe, RTX3060)","$1,598.88 "
https://www.amazon.com//Lenovo-Processor-Graphics-81W10094US-Business/dp/B0872K4XCJ/ref=sr_1_292?keywords=laptop&qid=1653585614&sr=8-292,"Lenovo IdeaPad 3 15 Laptop, 15.6"" HD Display, AMD Ryzen 3 3250U, 4GB RAM, 128GB Storage, AMD Radeon Vega 3 Graphics, Windows 10 in S Mode",$423.00 
https://www.amazon.com//Lenovo-Processor-Graphics-82HU00JWUS-Graphite/dp/B09BG96KFJ/ref=sr_1_174?keywords=laptop&qid=1653585589&sr=8-174,"Lenovo Flex 5 Laptop, 14.0"" FHD Touch Display, AMD Ryzen 5 5500U, 16GB RAM, 256GB Storage, AMD Radeon Graphics, Windows 11 Home",$599.99 
https://www.amazon.com//Lenovo-T15g-Workstation-i9-10885H-Thunderbolt/dp/B09B28TV4Q/ref=sr_1_28?keywords=laptop&qid=1653585561&sr=8-28,"2022 Lenovo ThinkPad T15g 15.6"" UHD 4K Workstation Business Laptop (Intel 8-Core Xeon W-10885M, 64GB RAM, 1TB PCIe SSD, RTX 2080S Max-Q Graphics) Backlit, 2 x Thunderbolt, Win 10 Pro + IST Cable","$3,499.99 "
https://www.amazon.com//Lenovo-ThinkBook-20YA002HUS-Touchscreen-Notebook/dp/B09KMDXNNH/ref=sr_1_200?keywords=laptop&qid=1653585595&sr=8-200,"Lenovo ThinkBook 13s G3 ACN 20YA002HUS 13.3"" Touchscreen Notebook - QHD - 2560 x 1600 - AMD 5600U Hexa-core (6 Core) 2.30 GHz - 8 GB RAM - 256 GB SSD - Mineral Gray",$479.99 
https://www.amazon.com//Lenovo-ThinkBook-ACL-21A2009FUS-Notebook/dp/B09CQ9N69V/ref=sr_1_261?keywords=laptop&qid=1653585608&sr=8-261,"Lenovo ThinkBook 14 G3 ACL 21A2009FUS 14"" Notebook - Full HD - 1920 x 1080 - AMD Ryzen 3 5300U Quad-core (4 Core) 2.60 GHz - 16 GB RAM - 256 GB SSD - Mineral Gray",$764.95 
https://www.amazon.com//Lenovo-ThinkBook-i7-1165G7-Graphics-Thunderbolt/dp/B09LTN9HTM/ref=sr_1_257?keywords=laptop&qid=1653585608&sr=8-257,"2022 Lenovo ThinkBook 13s Gen2 Laptop 13.3"" WQXGA IPS 300 nits Intel 4-Core i7-1165G7 16GB LPDDR4 512GB NVMe SSD Iris Xe Graphics HDMI Backlit Keyboard WiFi AX Thunderbolt Windows 11 Pro w/RE 32GB USB",$999.00 
https://www.amazon.com//Lenovo-ThinkPad-i7-1165G7-Fingerprint-Professional/dp/B09WJK4998/ref=sr_1_49?keywords=laptop&qid=1653585567&sr=8-49,"Lenovo ThinkPad E15 Gen2 Business Laptop, 15.6"" Full HD Screen, Intel Core i7-1165G7 Processor, 32GB RAM, 1TB SSD, Backlit Keyboard, Wi-Fi 6, Fingerprint Reader, Windows 11 Professional, Black","$1,349.00 "
https://www.amazon.com//Lenovo-Touchscreen-i3-1115G4-Bluetooth-Fingerprint/dp/B09MR3FKL4/ref=sr_1_218?keywords=laptop&qid=1653585597&sr=8-218,"2022 Newest Lenovo Ideapad 3i Laptop, 15.6” FHD 1080P Touchscreen, Intel Core i3-1115G4, 8GB DDR4 RAM, 256GB PCIe SSD, HDMI, WiFi, Bluetooth, HD Webcam, Fingerprint Reader, Windows 11 Home, Sand",$509.99 
https://www.amazon.com//Lenovo-Touchscreen-i7-1165G7-Keyboard-Fingerprint/dp/B08W54YSPW/ref=sr_1_62?keywords=laptop&qid=1653585567&sr=8-62,"Lenovo IdeaPad 5 15.6"" FHD IPS Touchscreen Laptop | 11th Gen Intel Core i7-1165G7 | 12GB RAM | 512GB SSD | Backlit Keyboard | Fingerprint Reader | Windows 10",$789.00 
https://www.amazon.com//Lenovo-Yoga-9i-Touchscreen-Thunderbolt/dp/B08XK1HZ66/ref=sr_1_298?keywords=laptop&qid=1653585614&sr=8-298,"Lenovo Yoga 9i 14 2-in-1 14"" Touchscreen Laptop 4K UHD (3840x2160) IPS 500Nits Intel Evo Platform Core i7-1185G7 Webcam Wi-Fi 6 USB-C Thunderbolt 4 Iris Xe Graphics 16GB 512GB PCIe SSD Lenovo Pen","$1,487.00 "
https://www.amazon.com//LG-Gram-15Z90P-Ultra-Lightweight-Thunderbolt/dp/B0942BQLLY/ref=sr_1_37?keywords=laptop&qid=1653585564&sr=8-37,"LG Gram 15Z90P – 15.6"" Full HD IPS (1920x1080) Ultra-Lightweight Laptop, with 11th Gen Intel Core i5-1135G7 CPU, 8GB RAM, 512GB SSD, Up to 21 Hour Battery, Thunderbolt 4, Black – 2021",$936.00 
https://www.amazon.com//LG-Gram-16T90P-Lightweight-Thunderbolt/dp/B08SZ95TK4/ref=sr_1_12?keywords=laptop&qid=1653585551&sr=8-12,"LG Gram 16T90P - 16"" WQXGA (2560x1600) 2-in-1 Lightweight Touch Display Laptop, Intel evo with 11th gen Core i7 1165G7 CPU , 16GB RAM, 2TB SSD, 21 Hours Battery, Thunderbolt 4, Silver - 2021","$1,999.00 "
https://www.amazon.com//LG-Laptop-Ultra-Lightweight-Ultra-Portable-Battery/dp/B08YDLCXR4/ref=sr_1_98?keywords=laptop&qid=1653585578&sr=8-98,"LG Gram 17Z90P Laptop 17"" IPS Ultra-Lightweight, (2560 x 1600), Intel Evo 11th gen Core i7, 16GB RAM, 2TB SSD, Upgradeable Windows 10 Home, Alexa Built-in, 2X USB-C, HDMI, USB-A - Black","$1,625.49 "
https://www.amazon.com//Microsoft-Surface-Laptop-13-5-Touch-Screen/dp/B08YX4NVCK/ref=sr_1_95?keywords=laptop&qid=1653585574&sr=8-95,Microsoft Surface Laptop 4 13.5” Touch-Screen – Intel Core i5 - 8GB - 512GB Solid State Drive  Matte Black,$826.49 
https://www.amazon.com//Microsoft-Surface-Laptop-13-5-Touch-Screen/dp/B08YX6976Q/ref=sr_1_66?keywords=laptop&qid=1653585570&sr=8-66,Microsoft Surface Laptop 4 13.5” Touch-Screen – Intel Core i5 - 8GB - 512GB Solid State Drive- Ice Blue,$813.99 
https://www.amazon.com//Microsoft-Surface-Laptop-13-5-Touch-Screen/dp/B09D62V4SN/ref=sr_1_155?keywords=laptop&qid=1653585587&sr=8-155,Microsoft Surface Laptop 4 13.5” Touch-Screen – Intel Core i5 - 16GB - 512GB Solid State Drive (Latest Model) - Windows 10 Pro - Matte Black,"$1,833.42 "
https://www.amazon.com//Microsoft-Surface-Laptop-Touch-Screen/dp/B09MZQ7VJK/ref=sr_1_69?keywords=laptop&qid=1653585570&sr=8-69,"Microsoft Surface Laptop 4 15"" Touch Screen - Intel Core i7 - 16GB - 512GB with Windows 11 (Latest Model) - Black","$1,799.99 "
https://www.amazon.com//Microsoft-Surface-Laptop-Touchscreen-Sandstone/dp/B08GZLYB6Q/ref=sr_1_140?keywords=laptop&qid=1653585584&sr=8-140,"Microsoft Surface Laptop Go - 12.4"" Touchscreen - Intel Core i5 - 8GB Memory - 256GB SSD - Sandstone",$633.95 
https://www.amazon.com//Microsoft-Touchscreen-Quad-Core-i5-1035G1-Bluetooth/dp/B08LF3ZQBL/ref=sr_1_222?keywords=laptop&qid=1653585597&sr=8-222,"Microsoft Surface Laptop Go 12.4"" Touchscreen Laptop PC, Intel Quad-Core i5-1035G1, 4GB RAM, 64GB eMMC, Webcam, Win 10, Bluetooth, Online Class Ready - Platinum",$456.25 
https://www.amazon.com//MSI-9SCX-005-Gaming-i5-9300H-GTX1650/dp/B0843JCV17/ref=sr_1_199?keywords=laptop&qid=1653585595&sr=8-199,"MSI GF63 THIN 9SCX-005 15. 6"" FHD Gaming Laptop Intel Core i5-9300H GTX1650 8GB 256GB NVMe SSD Win10",$663.00 
https://www.amazon.com//MSI-Creator-17-i7-11800H-B11UH-238/dp/B096DC17CX/ref=sr_1_271?keywords=laptop&qid=1653585608&sr=8-271,"MSI Creator 17 17.3"" UHD HDR1000 Mini LED Creator Laptop Intel Core i7-11800H RTX3080 32GB 1TB NVMe SSD Win10PRO VR Ready (B11UH-238)","$3,077.44 "
https://www.amazon.com//MSI-Creator-17-Professional-Laptop/dp/B098WRVRH4/ref=sr_1_262?keywords=laptop&qid=1653585608&sr=8-262,"MSI Creator 17 Professional Laptop: 17.3"" UHD 120Hz 100% AdobeRGB Display, Intel Core i7-11800H, NVIDIA GeForce RTX 3060, 16GB RAM, 512GB NVME SSD, Thunderbolt 4, Win10, Core Black (B11UE-471)","$1,815.44 "
https://www.amazon.com//MSI-Crosshair-17-Generation-Octa-core/dp/B09NBQLFQ9/ref=sr_1_204?keywords=laptop&qid=1653585595&sr=8-204,MSI Crosshair 17 Gaming Laptop 17.3” FHD IPS 144Hz (72% NTSC) 11th Generation Intel Octa-core i7-11800H 32GB RAM 1TB SSD GeForce RTX 3050 Ti 4GB USB-C Backlit Keyboard Win10 + HDMI Cable,"$1,499.00 "
https://www.amazon.com//MSI-Crosshair17-i7-11800H-RTX3060-512GBNVMe/dp/B095BV649X/ref=sr_1_77?keywords=laptop&qid=1653585570&sr=8-77,"MSI Crosshair17 17.3"" 144Hz FHD Gaming Laptop Intel Core i7-11800H RTX3060 16GB 512GBNVMe SSD Win10","$1,379.97 "
https://www.amazon.com//MSI-Gaming-i7-11800H-Backlit-Accessories/dp/B09W8NC9JQ/ref=sr_1_216?keywords=laptop&qid=1653585597&sr=8-216,"MSI GP66 Gaming Laptop, Core i7-11800H 8 Core Tiger Lake, 4.6GHz, GF RTX 3070 130W,15.6"" FHD 1920 x 1080, 240 Hz, Wi-Fi 6, BT 5.2, Backlit KB, Win 11, W/Accessories(16GB RAM|1TB PCIe SSD)","$1,689.99 "
https://www.amazon.com//MSI-GF63-Thin-10SCXR-222-i5-10300H/dp/B08YRZ2LLJ/ref=sr_1_99?keywords=laptop&qid=1653585578&sr=8-99,"MSI Computer GF63, NVIDIA GeForce GTX 1650 Graphics, 15.6"" 8GB 256GB Intel Core i5-10300H X4 2.5GHz Win10, Black",$644.06 
https://www.amazon.com//MSI-GF65-Thin-i7-10750H-10SDR-1273/dp/B095XDX3D6/ref=sr_1_119?keywords=laptop&qid=1653585581&sr=8-119,"MSI GF65 Thin 15.6"" 120Hz FHD Gaming Laptop Intel Core i7-10750H, GTX 1660Ti, 8GB Memory, 512GB NVMe SSD, Win10 (10SDR-1273)",$845.00 
https://www.amazon.com//MSI-GL66-Gaming-Laptop-i7-11800H/dp/B09127DDVT/ref=sr_1_9?keywords=laptop&qid=1653585547&sr=8-9,"MSI Pulse GL66 Gaming Laptop: 15.6"" 144Hz FHD 1080p Display, Intel Core i7-11800H, NVIDIA GeForce RTX 3070, 16GB, 512GB SSD, Win10, Black (11UGK-001)","$1,274.48 "
https://www.amazon.com//MSI-GP66-Leopard-Gaming-Laptop/dp/B092RY36ZL/ref=sr_1_269?keywords=laptop&qid=1653585608&sr=8-269,"MSI GP66 Leopard Gaming Laptop: 15.6"" 144Hz FHD 1080p Display, Intel Core i7-11800H, NVIDIA GeForce RTX 3070, 16GB, 512GB SSD, Win10, Black (11UG-050)","$1,649.99 "
https://www.amazon.com//MSI-GP76-Leopard-Gaming-Laptop/dp/B095C1YRWN/ref=sr_1_112?keywords=laptop&qid=1653585578&sr=8-112,"MSI GP76 Leopard Gaming Laptop: 17.3"" 240Hz IPS-Level Display, Intel Core i7-11800H, NVIDIA GeForce RTX 3070, 16GB, 1TB SSD, Win10, Black (11UG-076)","$1,749.00 "
https://www.amazon.com//MSI-GS75-Stealth-10SE-620-i7-10875H/dp/B08965WD75/ref=sr_1_106?keywords=laptop&qid=1653585578&sr=8-106,"MSI GS75 Stealth Gaming Laptop: 17.3"" 240Hz Display, Intel Core i7-10875H, NVIDIA GeForce RTX 2060, 16GB RAM, 512GB NVMe SSD, Win10 Pro, Black (10SE-620)","$1,429.99 "
https://www.amazon.com//MSI-i5-10300H-Processor-Wireless-AC-Bluetooth/dp/B08FF358SW/ref=sr_1_253?keywords=laptop&qid=1653585606&sr=8-253,"MSI GF75 Thin Gaming Laptop, 17.3"" FHD 120Hz IPS Screen,Intel Core i5-10300H Processor Up to 4.50 GHz, NVIDIA GTX 1650 Graphics, 8GB RAM,512GB PCIe SSD, Webcam,Wireless-AC,Bluetooth,Win10 Home,Black",$896.00 
https://www.amazon.com//MSI-i7-11800H-GeForce-Backlit-Windows/dp/B09WCMTKD3/ref=sr_1_214?keywords=laptop&qid=1653585597&sr=8-214,"2022 MSI Sword 15.6"" FHD IPS 144Hz Gaming Laptop Intel 8-Core i7-11800H NVIDIA GeForce RTX 3050 Ti 4GB GDDR6 32GB DDR4 1TB NVMe SSD HDMI USB-C WiFi AX RJ-45 Backlit Windows 11 Pro w/ RE 32GB USB","$1,299.99 "
https://www.amazon.com//MSI-i7-11800H-GeForce-RTX3060-Thunberbolt4/dp/B09Y8QN96Z/ref=sr_1_10?keywords=laptop&qid=1653585551&sr=8-10,"2022 MSI GE76 Raider 17.3"" 144 Hz FHD Gaming Laptop 8-Core Intel i7-11800H 64GB DDR4 2TB NVMe SSD NVIDIA GeForce RTX3060 6GB WiFi 6E HDMI RJ45 Thunberbolt4 Backlit DTS Audio Windows 11 Pro w/32GB USB","$2,049.00 "
https://www.amazon.com//MSI-Katana-GF66-Notebook-i5-11400H/dp/B09DRDJJC1/ref=sr_1_36?keywords=laptop&qid=1653585564&sr=8-36,"MSI Katana GF66 15.6"" Full HD 144Hz Gaming Notebook Computer, Intel Core i5-11400H 2.7GHz, 8GB RAM, 512GB SSD, NVIDIA GeForce RTX 3050 4GB, Windows 10 Home, Free Upgrade to Windows 11",$749.00 
https://www.amazon.com//MSI-Katana-i7-11800H-Processor-Keyboard/dp/B09TCFVGJF/ref=sr_1_258?keywords=laptop&qid=1653585608&sr=8-258,"MSI Katana GF66 Gaming Laptop, 15.6"" Full HD 144Hz Screen, Intel Core i7-11800H Processor, NVIDIA GeForce RTX 3060, 16GB RAM, 512GB PCIe NVMe SSD, RGB Backlit Keyboard, Wi-Fi 6, Windows 10 Home, Black","$1,249.00 "
https://www.amazon.com//MSI-Modern-Professional-i5-1155G7-B11MO-857/dp/B09FS4PMPT/ref=sr_1_297?keywords=laptop&qid=1653585614&sr=8-297,"MSI Modern 14 Beige Mousse 14"" Ultra Thin and Light Professional Laptop Intel Core i5-1155G7 Iris Xe 8GB 512GB NVMe SSD Win10 (B11MO-857)",$699.00 
https://www.amazon.com//MSI-Prestige-Evo-Professional-Laptop/dp/B09FNTLZYJ/ref=sr_1_74?keywords=laptop&qid=1653585570&sr=8-74,"MSI Prestige 14 Evo Professional Laptop: 14"" FHD Ultra-Thin Bezel Display, Intel Core i5-1135G7, Intel Iris Xe, 16GB RAM, 512GB NVMe SSD, Thunderbolt 4, Win10 Home, Intel Evo, Carbon Gray (A11M-628)",$699.00 
https://www.amazon.com//MSI-Pulse-GL66-Gaming-Laptop/dp/B09RB9B7SD/ref=sr_1_244?keywords=laptop&qid=1653585606&sr=8-244,"MSI Pulse GL66 15.6"" FHD 144Hz Gaming Laptop: Intel Core i7-12700H RTX 3070 16GB 512GB NVMe SSD, Type-C USB 3.2 Gen 1, RGB Gaming Keyboard, Cooler Boost 5, Win11 Home: Black 12UGKV-464","$1,465.00 "
https://www.amazon.com//MSI-Pulse-GL76-i7-12700H-RTX3070/dp/B09RB8YP2R/ref=sr_1_250?keywords=laptop&qid=1653585606&sr=8-250,"MSI Pulse GL76 17.3"" FHD 144Hz Gaming Laptop Intel Core i7-12700H RTX3070 16GB 512GB NVMe SSD Win11","$1,899.00 "
https://www.amazon.com//MSI-Raider-GE66-i7-12700H-RTX3070TI/dp/B09RB9Z4Z2/ref=sr_1_60?keywords=laptop&qid=1653585567&sr=8-60,"MSI Raider GE66 15.6"" QHD 240Hz Gaming Laptop Intel Core i7-12700H RTX3070TI 32GBDDR5 1TB NVMe SSD Win11","$2,499.00 "
https://www.amazon.com//MSI-Raider-GE66-i9-12900HK-RTX3070TI/dp/B09RBB6JD6/ref=sr_1_56?keywords=laptop&qid=1653585567&sr=8-56,"MSI Raider GE66 15.6"" QHD 240Hz Gaming Laptop Intel Core i9-12900HK RTX3070TI 32GBDDR5 1TB NVMe SSD Win11","$2,699.00 "
https://www.amazon.com//MSI-Stealth-15M-Gaming-Laptop/dp/B091GGZT1S/ref=sr_1_11?keywords=laptop&qid=1653585547&sr=8-11,"MSI Stealth 15M Gaming Laptop: 15.6"" 144Hz FHD 1080p Display, Intel Core i7-11375H, NVIDIA GeForce RTX 3060, 16GB, 512GB SSD, Thunderbolt 4, WiFi 6, Win10, Carbon Gray (A11UEK-009)","$1,141.90 "
https://www.amazon.com//MSI-Stealth-i9-11900H-Octa-Core-Processor/dp/B09VV8RV8S/ref=sr_1_22?keywords=laptop&qid=1653585561&sr=8-22,"MSI GS66 Stealth Gaming Laptop, 15.6"" QHD 165Hz Screen, Intel Core i9-11900H Octa-Core Processor, NVIDIA GeForce RTX 3070 8GB Graphics, 64GB RAM, 1TB PCIe SSD, RGB Backlit Keyboard, Windows 11 Home","$2,399.00 "
https://www.amazon.com//MSI-Summit-Flip-Professional-Laptop/dp/B08VJL564K/ref=sr_1_90?keywords=laptop&qid=1653585574&sr=8-90,"MSI Summit E13 Flip EVO Professional Laptop: 13"" IPS-Level Touch Screen, Intel core i7-1185G7, Iris Xe, 32GB RAM, 1TB NVMe SSD, Win10 PRO, Pure White (A11MT-020)","$1,799.00 "
https://www.amazon.com//MSI-WS76-Workstation-Laptop-Thunderbolt/dp/B09BTKHC5X/ref=sr_1_277?keywords=laptop&qid=1653585611&sr=8-277,"MSI WS76 Workstation Laptop: 17.3"" 144Hz FHD 1080p, Intel Core i7-11800H, NVIDIA Quadro RTX A3000 , 32GB, 1TB SSD, Thunderbolt 4, WiFi 6E, TPM2.0 Fingerprint, Win10 PRO, Black (11UK-470)","$2,393.79 "
https://www.amazon.com//Newest-Acer-Aspire-15-6-Laptop/dp/B09SWKXRKP/ref=sr_1_295?keywords=laptop&qid=1653585614&sr=8-295,"Newest Acer Aspire 5 15.6"" FHD Laptop - 4-Core AMD Ryzen 3 3350U - Radeon Vega 6 Graphics - 8GB DDR4 - 128GB NVMe SSD + 1TB HDD -FP Reader -RJ45 -WiFi 6 - Backlit KB - Windows 11 Home w/32GB USB",$499.00 
https://www.amazon.com//Newest-HP-Laptop-1005G1-Windows/dp/B08SW8DKR7/ref=sr_1_21?keywords=laptop&qid=1653585561&sr=8-21,"Newest HP 17.3"" Laptop Intel i3 1005G1 8GB 1TB HDD Jet Black Windows 10 Home in S Mode with GS HDMI Cable",$999.99 
https://www.amazon.com//Newest-HP-Pavilion-Pentium-Windows/dp/B0894DBTRV/ref=sr_1_163?keywords=laptop&qid=1653585589&sr=8-163,Newest HP Pavilion Intel Pentium Silver N5000 4GB 128GB SSD Windows 10 Laptop Red,$278.00 
https://www.amazon.com//New-Microsoft-Surface-Laptop-Touch-Screen/dp/B07YNLKTW9/ref=sr_1_256?keywords=laptop&qid=1653585606&sr=8-256,"Microsoft Surface Laptop 3 – 15"" Touch-Screen – AMD Ryzen 5 Surface Edition - 16GB Memory - 256GB Solid State Drive – Matte Black","$1,096.27 "
https://www.amazon.com//Panasonic-Toughbook-Touchscreen-Convertible-i5-3610ME/dp/B08QL3S2RQ/ref=sr_1_283?keywords=laptop&qid=1653585611&sr=8-283,"Panasonic Toughbook CF-19, MK8, 10.1 Touchscreen, Rugged Laptop Convertible Tablet, Intel Core i5-3610ME 2.70GHz, 8GB, 256GB SSD, Windows 10 Pro, GPS, 4G LTE (Renewed)",$498.00 
https://www.amazon.com//Razer-Blade-Base-Gaming-Laptop/dp/B08LZYN1ZF/ref=sr_1_65?keywords=laptop&qid=1653585570&sr=8-65,"Razer Blade 15 Base Gaming Laptop 2020: Intel Core i7-10750H 6-Core, NVIDIA GeForce GTX 1660 Ti, 15.6"" FHD 1080p 120Hz, 16GB RAM, 256GB SSD, CNC Aluminum, Chroma RGB Lighting, Black,Windows 10 Home","$1,439.23 "
https://www.amazon.com//Razer-Blade-Gaming-Laptop-2021/dp/B099774BJQ/ref=sr_1_180?keywords=laptop&qid=1653585592&sr=8-180,"Razer Blade Pro 17 Gaming Laptop 2021: Intel Core i7-11800H 8-Core, NVIDIA GeForce RTX 3060, 17.3"" QHD 165Hz, 16GB RAM, 1TB SSD - Chroma RGB - Thunderbolt 3 - SD Card Reader","$2,605.98 "
https://www.amazon.com//Razer-Book-Laptop-i7-1165G7-Thunderbolt/dp/B09HJGCL5Q/ref=sr_1_259?keywords=laptop&qid=1653585608&sr=8-259,"Razer Book 13 Laptop: Intel Core i7-1165G7 4 Core, Intel Iris Xe, 13.4"" UHD 60Hz (1920x1200), 16GB RAM, 1TB SSD PCIe M.2 - Windows 11 - CNC Aluminum - Chroma RGB - Thunderbolt 4 - Mercury White","$1,499.99 "
https://www.amazon.com//ROG-Zephyrus-G14-White-Tikbot-Accessories/dp/B098TC93DL/ref=sr_1_57?keywords=laptop&qid=1653585567&sr=8-57,"Asus ROG Zephyrus G14 VR Ready Gaming Laptop, 14"" 144Hz Full HD IPS Display, 8 Cores AMD Ryzen 9 5900HS,NVIDIA GeForce RTX 3060, Moonlight White-Tikbot Accessories (16GB RAM |1TB PCIe SSD)","$1,375.82 "
https://www.amazon.com//Samsung-2-1-Touch-Screen-Chromebook/dp/B07F1BNSGB/ref=sr_1_17?keywords=laptop&qid=1653585561&sr=8-17,"Samsung - Plus 2-in-1 12.2"" Touch-Screen Chromebook - Intel Celeron - 4GB Memory - 32GB eMMC Flash Memory - Stealth Silver",$223.94 
https://www.amazon.com//Samsung-Chromebook-Plus-Camera-Chrome/dp/B07J1SY5QQ/ref=sr_1_50?keywords=laptop&qid=1653585567&sr=8-50,"Samsung Chromebook Plus V2, 2-in-1, 4GB RAM, 32GB eMMC, 13MP Camera, Chrome OS, 12.2"", 16:10 Aspect Ratio, Light Titan (XE520QAB-K01US)",$299.99 
https://www.amazon.com//SAMSUNG-Computer-Processor-Certified-Lightweight/dp/B09R94XYBS/ref=sr_1_83?keywords=laptop&qid=1653585574&sr=8-83,"SAMSUNG 15.6” Galaxy Book2 Pro Laptop Computer, i7 / 16GB / 512GB, 12th Gen Intel Core Processor, Evo Certified, Lightweight, 2022 Model, Graphite","$1,214.87 "
https://www.amazon.com//Samsung-Electronics-Platform-Processor-Long-Lasting/dp/B09D8SGXB6/ref=sr_1_10?keywords=laptop&qid=1653585547&sr=8-10,"Samsung Galaxy Book Pro Windows 11 Intel Evo Platform Laptop Computer 15.6"" AMOLED Screen 11th Gen Intel Core i7 Processor 16GB Memory 512GB SSD Long-Lasting Battery, Mystic Blue","$1,159.00 "
https://www.amazon.com//SAMSUNG-Platform-Computer-Processor-Long-Lasting/dp/B091WR26F4/ref=sr_1_80?keywords=laptop&qid=1653585570&sr=8-80,"SAMSUNG Galaxy Book Pro Intel Evo Platform Laptop Computer 15.6"" AMOLED Screen 11th Gen Intel Core i5 Processor 8GB Memory 512GB SSD Long-Lasting Battery, Mystic Silver",$913.99 
https://www.amazon.com//SAMSUNG-Platform-Computer-Processor-Long-Lasting/dp/B091WSQYNF/ref=sr_1_285?keywords=laptop&qid=1653585611&sr=8-285,"SAMSUNG Galaxy Book Pro Intel Evo Platform Laptop Computer 13.3"" AMOLED Screen 11th Gen Intel Core i7 Processor 8GB Memory 512GB SSD Long-Lasting Battery, Mystic Blue","$1,471.34 "
https://www.amazon.com//ThinkPad-Titinium-Touchscreen-i7-1160G7-Fingerprint/dp/B09YHD3K1K/ref=sr_1_177?keywords=laptop&qid=1653585592&sr=8-177,"2022 LENOVO ThinkPad X1 Titinium Yoga 2-in-1 Laptop | 13.5"" QHD IPS 450 nits Touchscreen | Intel 4-Core i7-1160G7 | 16GB RAM 512GB NVMe SSD | HDMI | WiFi 6 | Fingerprint | Backlit KB | Win 11 Pro","$1,649.00 "
https://www.amazon.com//Toughbook-CF-19-MK8-Touchscreen-Convertible/dp/B09NL4MLPC/ref=sr_1_73?keywords=laptop&qid=1653585570&sr=8-73,"Panasonic Toughbook CF-19, MK8, 10.1-inch Touchscreen, Rugged Laptop Convertible Tablet, Intel Core i5-3610ME @2.70GHz, 8GB, 256GB SSD, Windows 10 Pro (Renewed)",$499.00 
https://www.amazon.com//VivoBook-R565EA-UH51T-Touchscreen-Laptop-i5-1135G7/dp/B09NCMBXWJ/ref=sr_1_71?keywords=laptop&qid=1653585570&sr=8-71,New Asus VivoBook R565EA-UH51T 15.6'' FHD Touchscreen Laptop i5-1135G7 8GB 256GB,$518.53 
https://www.amazon.com//Windows-HP-15-Display-Bluetooth/dp/B09LMT33DL/ref=sr_1_150?keywords=laptop&qid=1653585587&sr=8-150,"[Windows 11 Home] Newest HP 15 Laptop, 15.6'' HD Display, AMD Ryzen 3 3250U, 16GB SDRAM, 512GB SSD, Wi-Fi, Bluetooth, Type-C, HDMI, Media Card Reader, Natural Silver",$559.00 
https://www.amazon.com//Windows-HP-Display-Processor-Bluetooth/dp/B09M96J5SJ/ref=sr_1_114?keywords=laptop&qid=1653585581&sr=8-114,"[Windows 11 Home] Newest HP Laptop, 15.6'' Full HD Display, AMD Athlon Silver 3050U Processor, 8GB RAM, 256GB SSD, Media Card Reader, USB Type-C, HDMI, Webcam, Wi-Fi, Bluetooth, Silver",$489.00 
