,0
$366.84,https://camelcamelcamel.com/product/B09HVC79PC
$648.10,https://camelcamelcamel.com/product/B09BDFTX65
$499.00,https://camelcamelcamel.com/product/B09WX9TDM1
"$2,999.00",https://camelcamelcamel.com/product/B09LYK1WWG
$299.00,https://camelcamelcamel.com/product/B0949SGBF8
"$1,399.99",https://camelcamelcamel.com/product/B09SLLC612
$993.14,https://camelcamelcamel.com/product/B09BDGD2TZ
"$3,299.99",https://camelcamelcamel.com/product/B09RN27LHT
"$1,274.48",https://camelcamelcamel.com/product/B09127DDVT
"$1,159.00",https://camelcamelcamel.com/product/B09D8SGXB6
"$1,141.90",https://camelcamelcamel.com/product/B091GGZT1S
$979.99,https://camelcamelcamel.com/product/B094K27CSY
"$1,099.99",https://camelcamelcamel.com/product/B09HJKGK5V
$209.99,https://camelcamelcamel.com/product/B08CM6Q55C
$0.00,https://camelcamelcamel.com/product/B09JHGHF7Y
$229.00,https://camelcamelcamel.com/product/B08CM17RPZ
$366.84,https://camelcamelcamel.com/product/B09HVC79PC
$499.00,https://camelcamelcamel.com/product/B09WX9TDM1
"$2,999.00",https://camelcamelcamel.com/product/B09LYK1WWG
"$1,399.99",https://camelcamelcamel.com/product/B09SLLC612
"$3,299.99",https://camelcamelcamel.com/product/B09RN27LHT
"$1,159.00",https://camelcamelcamel.com/product/B09D8SGXB6
$979.99,https://camelcamelcamel.com/product/B094K27CSY
$209.99,https://camelcamelcamel.com/product/B08CM6Q55C
$0.00,https://camelcamelcamel.com/product/B09JHGHF7Y
"$2,049.00",https://camelcamelcamel.com/product/B09Y8QN96Z
$299.00,https://camelcamelcamel.com/product/B0949SGBF8
"$1,999.00",https://camelcamelcamel.com/product/B08SZ95TK4
$648.10,https://camelcamelcamel.com/product/B09BDFTX65
"$1,274.48",https://camelcamelcamel.com/product/B09127DDVT
"$1,141.90",https://camelcamelcamel.com/product/B091GGZT1S
"$1,099.99",https://camelcamelcamel.com/product/B09HJKGK5V
$223.94,https://camelcamelcamel.com/product/B07F1BNSGB
$121.49,https://camelcamelcamel.com/product/B08529BZSQ
$319.95,https://camelcamelcamel.com/product/B09P19C9Z5
$209.99,https://camelcamelcamel.com/product/B08CM6Q55C
$999.99,https://camelcamelcamel.com/product/B08SW8DKR7
"$2,399.00",https://camelcamelcamel.com/product/B09VV8RV8S
$229.89,https://camelcamelcamel.com/product/B08YKHYCPW
$59.99,https://camelcamelcamel.com/product/B07V1W1T8S
$199.99,https://camelcamelcamel.com/product/B084SKWC89
$518.00,https://camelcamelcamel.com/product/B0862269YP
$294.07,https://camelcamelcamel.com/product/B07GM2J11Q
"$3,499.99",https://camelcamelcamel.com/product/B09B28TV4Q
$198.26,https://camelcamelcamel.com/product/B07GLV1VC7
$559.99,https://camelcamelcamel.com/product/B09L2DPHRV
$535.46,https://camelcamelcamel.com/product/B08NXSJVCR
$589.00,https://camelcamelcamel.com/product/B09LJPW1SQ
$419.00,https://camelcamelcamel.com/product/B07D5FRTLV
$949.99,https://camelcamelcamel.com/product/B09F2VJGHJ
$799.99,https://camelcamelcamel.com/product/B09LXHXPNV
$749.00,https://camelcamelcamel.com/product/B09DRDJJC1
$936.00,https://camelcamelcamel.com/product/B0942BQLLY
$369.99,https://camelcamelcamel.com/product/B09X9BP45X
"$2,299.99",https://camelcamelcamel.com/product/B09TPV4R9P
$699.99,https://camelcamelcamel.com/product/B08KGYMZRJ
$536.00,https://camelcamelcamel.com/product/B097QCJZGL
$717.93,https://camelcamelcamel.com/product/B09KBJSSH7
"$1,051.57",https://camelcamelcamel.com/product/B093TK1PXF
$769.00,https://camelcamelcamel.com/product/B09NQGCDWN
$537.95,https://camelcamelcamel.com/product/B09KWGHCLK
$560.00,https://camelcamelcamel.com/product/B095RZ62BX
$885.00,https://camelcamelcamel.com/product/B09MCX6ZYN
$999.99,https://camelcamelcamel.com/product/B09LCGRL9V
"$1,349.00",https://camelcamelcamel.com/product/B09WJK4998
$299.99,https://camelcamelcamel.com/product/B07J1SY5QQ
"$3,299.00",https://camelcamelcamel.com/product/B093Z1PWCF
"$3,499.99",https://camelcamelcamel.com/product/B09B28TV4Q
"$1,499.99",https://camelcamelcamel.com/product/B0891RM7DM
"$2,549.00",https://camelcamelcamel.com/product/B0996812KP
"$1,787.98",https://camelcamelcamel.com/product/B08XDX7CW8
"$2,699.00",https://camelcamelcamel.com/product/B09RBB6JD6
"$1,375.82",https://camelcamelcamel.com/product/B098TC93DL
$999.99,https://camelcamelcamel.com/product/B09LCGRL9V
$499.00,https://camelcamelcamel.com/product/B09WX9TDM1
"$2,499.00",https://camelcamelcamel.com/product/B09RB9Z4Z2
"$2,055.00",https://camelcamelcamel.com/product/B08SJTW9LK
$789.00,https://camelcamelcamel.com/product/B08W54YSPW
"$1,092.99",https://camelcamelcamel.com/product/B08JQKMFFB
"$1,199.00",https://camelcamelcamel.com/product/B08842D7JS
"$1,439.23",https://camelcamelcamel.com/product/B08LZYN1ZF
$813.99,https://camelcamelcamel.com/product/B08YX6976Q
"$1,999.99",https://camelcamelcamel.com/product/B09TD1FTP7
$518.00,https://camelcamelcamel.com/product/B0862269YP
"$1,799.99",https://camelcamelcamel.com/product/B09MZQ7VJK
$679.99,https://camelcamelcamel.com/product/B091XRXRNP
$518.53,https://camelcamelcamel.com/product/B09NCMBXWJ
"$1,449.00",https://camelcamelcamel.com/product/B09LYJZ8YC
SecurityMechanism.NULL,https://camelcamelcamel.com/product/B09NL4MLPC
$699.00,https://camelcamelcamel.com/product/B09FNTLZYJ
"$2,249.99",https://camelcamelcamel.com/product/B08XFVYWD1
$535.46,https://camelcamelcamel.com/product/B08NXSJVCR
"$1,379.97",https://camelcamelcamel.com/product/B095BV649X
$873.00,https://camelcamelcamel.com/product/B09FN9QZS7
$619.80,https://camelcamelcamel.com/product/B07D93QK45
$913.99,https://camelcamelcamel.com/product/B091WR26F4
$509.00,https://camelcamelcamel.com/product/B09XBYCRC8
$589.00,https://camelcamelcamel.com/product/B09LJPW1SQ
"$1,214.87",https://camelcamelcamel.com/product/B09R94XYBS
SecurityMechanism.NULL,https://camelcamelcamel.com/product/B09TWYSVPM
SecurityMechanism.NULL,https://camelcamelcamel.com/product/B09X619XMG
$709.99,https://camelcamelcamel.com/product/B09BMHSMBF
SecurityMechanism.NULL,https://camelcamelcamel.com/product/B0B1TFRSP7
$613.99,https://camelcamelcamel.com/product/B08P5724PZ
"$1,174.99",https://camelcamelcamel.com/product/B09F8QGTN7
"$1,799.00",https://camelcamelcamel.com/product/B08VJL564K
SecurityMechanism.NULL,https://camelcamelcamel.com/product/B0B1C1RD3S
$770.95,https://camelcamelcamel.com/product/B094YZ24KG
$249.90,https://camelcamelcamel.com/product/B09YRY6QCX
"$1,599.99",https://camelcamelcamel.com/product/B09NMS7S1K
$826.49,https://camelcamelcamel.com/product/B08YX4NVCK
$843.30,https://camelcamelcamel.com/product/B09FX1YF28
$324.00,https://camelcamelcamel.com/product/B08HSNRFTX
"$1,625.49",https://camelcamelcamel.com/product/B08YDLCXR4
$644.06,https://camelcamelcamel.com/product/B08YRZ2LLJ
"$1,099.99",https://camelcamelcamel.com/product/B09MMX24B8
$439.00,https://camelcamelcamel.com/product/B08W4PJC8J
SecurityMechanism.NULL,https://camelcamelcamel.com/product/B09TB1KX4S
"$2,882.41",https://camelcamelcamel.com/product/B0876MBLTN
"$1,787.98",https://camelcamelcamel.com/product/B08XDX7CW8
"$1,899.98",https://camelcamelcamel.com/product/B07ND4G5XK
"$1,429.99",https://camelcamelcamel.com/product/B08965WD75
$529.99,https://camelcamelcamel.com/product/B08G8SJZ2R
$949.99,https://camelcamelcamel.com/product/B08KV8HP98
"$1,389.00",https://camelcamelcamel.com/product/B088PDB63Z
$479.57,https://camelcamelcamel.com/product/B084TRD5V1
$668.00,https://camelcamelcamel.com/product/B081FDK94Y
"$1,749.00",https://camelcamelcamel.com/product/B095C1YRWN
"$1,099.99",https://camelcamelcamel.com/product/B09V1S1M2Q
$489.00,https://camelcamelcamel.com/product/B09M96J5SJ
$388.87,https://camelcamelcamel.com/product/B08FQJ7JT2
$589.00,https://camelcamelcamel.com/product/B09LJPW1SQ
"$1,349.00",https://camelcamelcamel.com/product/B09WJK4998
$589.00,https://camelcamelcamel.com/product/B09LLTN3HV
$845.00,https://camelcamelcamel.com/product/B095XDX3D6
$675.42,https://camelcamelcamel.com/product/B08P6MRZBG
"$2,055.00",https://camelcamelcamel.com/product/B08SJTW9LK
$879.99,https://camelcamelcamel.com/product/B09J5FQ4P5
$843.30,https://camelcamelcamel.com/product/B09FX1YF28
"$2,699.00",https://camelcamelcamel.com/product/B09RBB6JD6
$400.29,https://camelcamelcamel.com/product/B09LC9JWW8
"$1,598.88",https://camelcamelcamel.com/product/B01L4I438G
$500.00,https://camelcamelcamel.com/product/B0977R5GK6
SecurityMechanism.NULL,https://camelcamelcamel.com/product/B09XBTGWFT
"$1,299.00",https://camelcamelcamel.com/product/B093TZMNFR
$459.99,https://camelcamelcamel.com/product/B09VR33FM7
"$1,389.00",https://camelcamelcamel.com/product/B088PDB63Z
$629.00,https://camelcamelcamel.com/product/B09SVRH1F6
$799.99,https://camelcamelcamel.com/product/B09LJSNDQK
$639.99,https://camelcamelcamel.com/product/B08ZK18TWF
$499.00,https://camelcamelcamel.com/product/B09FFVNJPF
$848.99,https://camelcamelcamel.com/product/B09BCVB3TG
SecurityMechanism.NULL,https://camelcamelcamel.com/product/B0B1C1VWTZ
$399.00,https://camelcamelcamel.com/product/B08LLH5VQ5
$479.57,https://camelcamelcamel.com/product/B084TRD5V1
$633.95,https://camelcamelcamel.com/product/B08GZLYB6Q
$388.87,https://camelcamelcamel.com/product/B08FQJ7JT2
$589.00,https://camelcamelcamel.com/product/B09LLTN3HV
"$1,249.99",https://camelcamelcamel.com/product/B08SHN8MDY
$675.42,https://camelcamelcamel.com/product/B08P6MRZBG
$127.50,https://camelcamelcamel.com/product/B08HJT1BKQ
$684.98,https://camelcamelcamel.com/product/B096WH5MY9
"$1,091.97",https://camelcamelcamel.com/product/B095KNYVJ9
$559.99,https://camelcamelcamel.com/product/B09L2DPHRV
$529.00,https://camelcamelcamel.com/product/B09PQP34L8
$559.00,https://camelcamelcamel.com/product/B09LMT33DL
$819.00,https://camelcamelcamel.com/product/B07DT1QBLY
"$1,429.99",https://camelcamelcamel.com/product/B08965WD75
$500.00,https://camelcamelcamel.com/product/B0977R5GK6
"$1,359.99",https://camelcamelcamel.com/product/B093TX6BLC
"$1,833.42",https://camelcamelcamel.com/product/B09D62V4SN
"$1,449.99",https://camelcamelcamel.com/product/B08ND1FZ39
"$1,799.00",https://camelcamelcamel.com/product/B08VJL564K
"$1,049.99",https://camelcamelcamel.com/product/B08Z9T5HNM
$589.00,https://camelcamelcamel.com/product/B09LJPW1SQ
$529.99,https://camelcamelcamel.com/product/B08G8SJZ2R
"$1,199.00",https://camelcamelcamel.com/product/B08842D7JS
$669.99,https://camelcamelcamel.com/product/B09RMTZG2Q
$278.00,https://camelcamelcamel.com/product/B0894DBTRV
$529.00,https://camelcamelcamel.com/product/B09PQP34L8
"$1,199.99",https://camelcamelcamel.com/product/B09WXYZSW6
$239.99,https://camelcamelcamel.com/product/B095G15SBJ
$609.98,https://camelcamelcamel.com/product/B08KH5HWG9
"$1,999.00",https://camelcamelcamel.com/product/B08SZ95TK4
$455.98,https://camelcamelcamel.com/product/B09GYN91J9
$514.77,https://camelcamelcamel.com/product/B085B5SXLY
"$2,999.00",https://camelcamelcamel.com/product/B09LYK1WWG
$265.99,https://camelcamelcamel.com/product/B087N5LKNL
"$1,569.99",https://camelcamelcamel.com/product/B09JQCK2R9
$599.99,https://camelcamelcamel.com/product/B09BG96KFJ
$501.00,https://camelcamelcamel.com/product/B07Y5PK8SC
"$1,429.99",https://camelcamelcamel.com/product/B08965WD75
SecurityMechanism.NULL,https://camelcamelcamel.com/product/B09YHD3K1K
SecurityMechanism.NULL,https://camelcamelcamel.com/product/B09YTYXFNB
"$1,999.99",https://camelcamelcamel.com/product/B093J9ZNJK
"$2,605.98",https://camelcamelcamel.com/product/B099774BJQ
$681.00,https://camelcamelcamel.com/product/B07VC55LF5
SecurityMechanism.NULL,https://camelcamelcamel.com/product/B09WKYT1N2
"$2,174.98",https://camelcamelcamel.com/product/B09Z7NPK6H
"$1,699.00",https://camelcamelcamel.com/product/B089HR6CQP
$769.99,https://camelcamelcamel.com/product/B09F2KLRJV
SecurityMechanism.NULL,https://camelcamelcamel.com/product/B09W8CYJ2V
$529.99,https://camelcamelcamel.com/product/B08G8SJZ2R
$684.98,https://camelcamelcamel.com/product/B096WH5MY9
$369.99,https://camelcamelcamel.com/product/B08H4YTTLP
$559.99,https://camelcamelcamel.com/product/B09L2DPHRV
$564.39,https://camelcamelcamel.com/product/B09FXLRBFQ
$979.00,https://camelcamelcamel.com/product/B07SXTDL1S
$656.00,https://camelcamelcamel.com/product/B08YKHGKTV
$555.00,https://camelcamelcamel.com/product/B09MC3WH8R
$531.60,https://camelcamelcamel.com/product/B08BMLZKL2
$560.00,https://camelcamelcamel.com/product/B09DB3H45Q
"$1,119.00",https://camelcamelcamel.com/product/B09F4T68FZ
$309.00,https://camelcamelcamel.com/product/B099LR1LHL
$663.00,https://camelcamelcamel.com/product/B0843JCV17
$479.99,https://camelcamelcamel.com/product/B09KMDXNNH
$720.00,https://camelcamelcamel.com/product/B08DRQ8ZH6
$615.05,https://camelcamelcamel.com/product/B08FCN53WM
$369.99,https://camelcamelcamel.com/product/B08H4YTTLP
"$1,499.00",https://camelcamelcamel.com/product/B09NBQLFQ9
SecurityMechanism.NULL,https://camelcamelcamel.com/product/B09SGVQQJ1
"$2,685.51",https://camelcamelcamel.com/product/B09HSVDRCH
"$1,199.00",https://camelcamelcamel.com/product/B08842D7JS
$501.00,https://camelcamelcamel.com/product/B07Y5PK8SC
"$1,499.00",https://camelcamelcamel.com/product/B09NBQLFQ9
$244.99,https://camelcamelcamel.com/product/B00M4LWXI0
$899.00,https://camelcamelcamel.com/product/B09SGVQQJ1
$519.00,https://camelcamelcamel.com/product/B09FYN9MTY
$506.00,https://camelcamelcamel.com/product/B094L3BYRP
SecurityMechanism.NULL,https://camelcamelcamel.com/product/B09WCMTKD3
$369.99,https://camelcamelcamel.com/product/B08H4YTTLP
"$1,689.99",https://camelcamelcamel.com/product/B09W8NC9JQ
SecurityMechanism.NULL,https://camelcamelcamel.com/product/B09SLJH14S
$509.99,https://camelcamelcamel.com/product/B09MR3FKL4
$329.99,https://camelcamelcamel.com/product/B09D21T7R8
$589.00,https://camelcamelcamel.com/product/B0985RPB47
"$1,325.99",https://camelcamelcamel.com/product/B09YVTKGSH
$456.25,https://camelcamelcamel.com/product/B08LF3ZQBL
SecurityMechanism.NULL,https://camelcamelcamel.com/product/B09RQC9D9W
$820.00,https://camelcamelcamel.com/product/B08PTH89J3
$519.00,https://camelcamelcamel.com/product/B09FYN9MTY
$506.00,https://camelcamelcamel.com/product/B094L3BYRP
"$1,299.99",https://camelcamelcamel.com/product/B09WCMTKD3
$369.99,https://camelcamelcamel.com/product/B08H4YTTLP
"$1,689.99",https://camelcamelcamel.com/product/B09W8NC9JQ
$789.49,https://camelcamelcamel.com/product/B09SLJH14S
$509.99,https://camelcamelcamel.com/product/B09MR3FKL4
$329.99,https://camelcamelcamel.com/product/B09D21T7R8
$589.00,https://camelcamelcamel.com/product/B0985RPB47
"$1,325.99",https://camelcamelcamel.com/product/B09YVTKGSH
$456.25,https://camelcamelcamel.com/product/B08LF3ZQBL
$177.00,https://camelcamelcamel.com/product/B00TREI06Q
"$1,149.99",https://camelcamelcamel.com/product/B09RQC9D9W
$820.00,https://camelcamelcamel.com/product/B08PTH89J3
$691.99,https://camelcamelcamel.com/product/B08N5TQD6M
$0.00,https://camelcamelcamel.com/product/B0921P31PT
$199.99,https://camelcamelcamel.com/product/B0947BJ67M
SecurityMechanism.NULL,https://camelcamelcamel.com/product/B09YP3NH3Y
$619.00,https://camelcamelcamel.com/product/B09F3P7VB9
"$1,465.00",https://camelcamelcamel.com/product/B09RB9B7SD
SecurityMechanism.NULL,https://camelcamelcamel.com/product/B09KS9Y9TC
"$2,840.71",https://camelcamelcamel.com/product/B08SJT94PW
$589.00,https://camelcamelcamel.com/product/B09LLTN3HV
"$1,149.99",https://camelcamelcamel.com/product/B09NP6RJ4Z
$417.00,https://camelcamelcamel.com/product/B08K3NGK2Z
"$1,899.00",https://camelcamelcamel.com/product/B09RB8YP2R
$319.95,https://camelcamelcamel.com/product/B09P19C9Z5
$729.99,https://camelcamelcamel.com/product/B09R7NFN4B
$896.00,https://camelcamelcamel.com/product/B08FF358SW
$799.00,https://camelcamelcamel.com/product/B09MF2WRD9
$479.00,https://camelcamelcamel.com/product/B09432ZFQ6
"$1,096.27",https://camelcamelcamel.com/product/B07YNLKTW9
SecurityMechanism.NULL,https://camelcamelcamel.com/product/B09LTN9HTM
"$1,249.00",https://camelcamelcamel.com/product/B09TCFVGJF
"$1,499.99",https://camelcamelcamel.com/product/B09HJGCL5Q
$924.00,https://camelcamelcamel.com/product/B09JFHRPKH
$764.95,https://camelcamelcamel.com/product/B09CQ9N69V
"$1,815.44",https://camelcamelcamel.com/product/B098WRVRH4
"$1,994.98",https://camelcamelcamel.com/product/B086W3757D
SecurityMechanism.NULL,https://camelcamelcamel.com/product/B09Y8M3X1K
$178.00,https://camelcamelcamel.com/product/B08523MMRX
"$1,349.00",https://camelcamelcamel.com/product/B09RJWXQS1
"$2,549.00",https://camelcamelcamel.com/product/B0996812KP
"$1,699.99",https://camelcamelcamel.com/product/B08NP1D548
"$1,649.99",https://camelcamelcamel.com/product/B092RY36ZL
$487.00,https://camelcamelcamel.com/product/B08CDTP2Q1
"$3,077.44",https://camelcamelcamel.com/product/B096DC17CX
"$2,229.99",https://camelcamelcamel.com/product/B08DWGVNZH
$896.00,https://camelcamelcamel.com/product/B08FF358SW
"$1,129.99",https://camelcamelcamel.com/product/B09LRNP7G5
$507.00,https://camelcamelcamel.com/product/B07XZLP557
$979.00,https://camelcamelcamel.com/product/B07SXTDL1S
"$2,393.79",https://camelcamelcamel.com/product/B09BTKHC5X
SecurityMechanism.NULL,https://camelcamelcamel.com/product/B09Y125HJ9
$889.00,https://camelcamelcamel.com/product/B09MCXNNT5
$229.89,https://camelcamelcamel.com/product/B08YKHYCPW
"$1,498.00",https://camelcamelcamel.com/product/B09WKYT1N2
SecurityMechanism.NULL,https://camelcamelcamel.com/product/B08C4LQ857
SecurityMechanism.NULL,https://camelcamelcamel.com/product/B08QL3S2RQ
SecurityMechanism.NULL,https://camelcamelcamel.com/product/B081GMHQLR
SecurityMechanism.NULL,https://camelcamelcamel.com/product/B091WSQYNF
SecurityMechanism.NULL,https://camelcamelcamel.com/product/B09F4T68FZ
SecurityMechanism.NULL,https://camelcamelcamel.com/product/B09R5SKVTQ
SecurityMechanism.NULL,https://camelcamelcamel.com/product/B08FP1RDHH
SecurityMechanism.NULL,https://camelcamelcamel.com/product/B09KYBP9VX
$718.21,https://camelcamelcamel.com/product/B07TSFRJSW
$456.72,https://camelcamelcamel.com/product/B09J1PS4TG
$423.00,https://camelcamelcamel.com/product/B0872K4XCJ
$572.34,https://camelcamelcamel.com/product/B08KGZ79N6
"$2,099.99",https://camelcamelcamel.com/product/B09DFJD6CH
$499.00,https://camelcamelcamel.com/product/B09SWKXRKP
$799.99,https://camelcamelcamel.com/product/B09LYK33KN
$699.00,https://camelcamelcamel.com/product/B09FS4PMPT
"$1,487.00",https://camelcamelcamel.com/product/B08XK1HZ66
SecurityMechanism.NULL,https://camelcamelcamel.com/product/B09T2VDGYX
$858.00,https://camelcamelcamel.com/product/B08ZLFLF7L
$602.62,https://camelcamelcamel.com/product/B09J5HXWG3
$369.00,https://camelcamelcamel.com/product/B08HN1WDWZ
"$1,833.42",https://camelcamelcamel.com/product/B09D62V4SN
$934.99,https://camelcamelcamel.com/product/B08CZLW29Z
